Var_ln_IMAE,Var_ln_IPC,Tiempo,Mes,Var_Morosidad,Var_Tasa_interes_activa,Var_Liquidez
289.6593661836899,1967.6183860084159,2,5,5.525935505202549e-4,-0.15000000000000036,-0.009262230920438597
505.46090871696595,2077.465223058663,3,6,-7.868127389973403e-4,-0.05000000000000071,-0.01028717781004862
320.2550867018505,2121.4116956455077,4,7,-6.504309102885256e-4,0.3600000000000012,-0.013724117311485262
221.28087705219448,2144.3632234828056,5,8,0.002361308644947893,0.8199999999999985,-0.002097271296800707
615.4275865946435,2053.1883992825065,6,9,8.574499426706322e-4,-1.0399999999999991,0.0048573896680551565
-30.576813260028096,1847.0770308581664,7,10,-0.0012821614587218838,0.3200000000000003,-0.001424924062436661
-725.0092295911426,1434.3925509388012,8,11,-0.001053683320865563,0.7400000000000002,-5.212297435030488e-4
-84.2393996762425,1290.7805583197173,9,12,7.868718678005551e-4,-0.14000000000000057,0.01080295383975749
-600.9201356523608,1173.9376250039602,10,1,-0.001493318563053174,0.14000000000000057,0.020204080550193848
-514.6899940438043,1023.5206207077583,11,2,-0.0029265974023025866,1.129999999999999,0.008070649132981444
-479.3562443504218,811.9506601984039,12,3,0.0019428692430628232,-0.379999999999999,-0.008800053642661065
-1132.4106592553915,665.419961873388,13,4,-9.885744620006902e-4,-0.11000000000000121,0.003970117189902533
-324.68567169570576,401.2310180978318,14,5,0.0024918644217305497,-0.3699999999999992,7.500487733871908e-4
-449.96200768390605,193.89809291451948,15,6,-2.3385032908554773e-4,0.15000000000000036,0.021508078138783138
-258.9715495521805,7.640003427615838,16,7,3.201596547137142e-4,-0.16000000000000014,0.006381940105670225
-246.6962434885644,-12.174708549927898,17,8,0.002153955082860086,-0.5899999999999999,0.018930211967111366
-399.7614716313347,0.7588117012424789,18,9,0.0034625311619516097,0.8099999999999987,0.0021410473448486567
-445.9518920203108,42.414666328482994,19,10,0.002844659713466542,-0.46999999999999886,-0.005385536624808895
568.7844355804206,46.15451011016341,20,11,-3.7484110898854117e-4,-0.2900000000000009,0.012746844125714252
168.60693848729898,93.06615804711701,21,12,-0.00431393070118119,0.8300000000000001,0.025448441619190354
225.17320482040583,183.6709517615364,22,1,-1.4165946171992155e-4,-0.3099999999999987,0.008108917213055733
247.93019237375978,270.4982179792736,23,2,-7.447809034640956e-4,-0.02000000000000135,0.0033139481044432983
622.561309116172,433.18685352465627,24,3,-8.022303570650105e-4,-0.20999999999999908,-0.00828362131226068
246.35269066496147,473.5227128554786,25,4,0.00258584450425222,0.17999999999999972,0.004341348494469488
294.3450057505092,457.08676172582227,26,5,0.002322680117225577,-0.9299999999999997,0.007171739877066097
478.69632786704307,452.5995004833394,27,6,-2.567241645906257e-4,4.009999999999998,-0.00862664282981701
448.89183978650493,601.6629165792687,28,7,-7.659966462008547e-4,-4.249999999999998,6.68555190291853e-4
420.80391850026535,519.9732547010872,29,8,-0.00892509626706732,0.3100000000000005,-0.03597685299876352
535.1866200820332,528.3243860893716,30,9,-0.002177275086273363,0.379999999999999,0.005450290627557475
653.5082454723452,701.1586450694906,31,10,-0.0013388253985128669,-0.1999999999999993,-0.00857511734200489
641.7228784287144,842.2069215409955,32,11,-0.001772223257456039,-1.5199999999999996,5.192431525108954e-4
349.8231829374632,882.4699428114524,33,12,0.009143902393591325,-1.5500000000000007,-0.00997460219267865
524.4783539958053,771.2954034720543,34,1,0.0028353097793294285,1.0099999999999998,0.011617630485965091
324.7695692139896,697.7676256623777,35,2,5.13686034682298e-5,-0.15000000000000036,0.02134500335992484
792.6013296293099,652.3363289454753,36,3,-0.0012453223585831008,0.13000000000000078,-0.029636064618801194
584.9280676468017,686.9803522768958,37,4,-4.6315618402564124e-4,-1.75,0.009060125201578173
891.8060017786634,796.4649236160692,38,5,6.378544779053058e-5,0.5899999999999999,-0.005024665347469259
753.0390348727067,863.3408323596292,39,6,-0.001435972410878443,-0.20000000000000107,0.017914501439501962
801.9467883895181,811.1527170172205,40,7,-4.0546334017542776e-4,0.2900000000000009,-0.0025671322777723327
686.1928523540062,925.7951073901883,41,8,-0.001191418470286837,-0.27999999999999936,-0.020176213240662544
599.6595324404462,906.9323321030254,42,9,-0.0010072057651355978,2.289999999999999,-0.013043389295925967
328.1327869370276,737.3545955194505,43,10,-9.809749764750006e-4,-2.4000000000000004,-0.015117717286243393
764.9669850653939,709.1086072875008,44,11,-7.603092827871104e-4,-0.5999999999999996,-0.01195263466063079
281.93188185894326,765.6257675127254,45,12,-0.0030092157317088246,4.1,0.00996218038297425
1274.7970218701178,792.881711197646,46,1,-5.837551386623334e-4,-3,0.005568405040746016
1025.5932688254354,843.7391726102028,47,2,-5.424573213251745e-4,0.120000000000001,-0.012524938780850037
313.4086463981145,819.7452913327563,48,3,-0.001443433961948775,0.25,0.0175581106183732
560.6039173781685,860.0134713892071,49,4,9.535106703954105e-5,1.8099999999999987,-0.02780523762716991
648.9114993626099,725.2313644617825,50,5,-6.184070700282207e-4,1.6400000000000006,-0.006337402787685242
155.0286585388605,626.735945280581,51,6,3.2232810626525374e-4,-1.42,-8.68279541971495e-4
322.9609861037108,617.7460956618486,52,7,-2.4143108831791577e-4,0.05000000000000071,-0.00852730917541078
437.4717538572169,579.1951014804919,53,8,-2.616122307944925e-4,1.3599999999999994,-0.008117250405213439
351.6463269848646,621.1990153262725,54,9,-8.187421386557821e-4,-1.2100000000000009,-0.010042795417986361
1032.8253794394905,627.2463066514788,55,10,0.0014040972291885986,-1.6899999999999995,0.02027242898005116
381.5261654355684,597.8012677044919,56,11,-0.001485330919822541,0.20000000000000107,-1.643912536193337e-4
1029.7597882832401,640.7136854386586,57,12,-0.00129999690887218,0.7699999999999996,-0.030489056097222245
266.457196934633,745.8626561181436,58,1,-5.211729949083782e-4,3.1799999999999997,0.028543795049962573
463.2160640938032,684.3397397126339,59,2,-5.762484477715366e-4,-0.25,0.001138880965477762
309.6068347810021,657.6164778956439,60,3,3.540677866137841e-4,1.7300000000000004,-0.02263746291443952
1197.1799785704018,614.7539824684056,61,4,-0.0027341145366495383,-2.49,0.009401926956196183
463.4778372420012,744.6387254096187,62,5,2.808664278080089e-4,0.379999999999999,0.007083797091405664
392.01207491762705,795.6182283618584,63,6,2.0407764612752344e-4,-1.549999999999999,0.0011099694849346364
614.05499824748415,737.6060921385364,64,7,-2.3515369930799356e-4,2.24,0.009396474514983766
503.9642971763047,764.1046976045462,65,8,-6.88762089733029e-5,-0.21000000000000085,-0.017410336213086963
676.2347722982032,709.3481140339542,66,9,4.79424202747214e-4,0.75,-0.003794388222023215
309.303006913586,660.6652263269818,67,10,-0.005703240834402089,0.8499999999999996,-2.951215465896162e-4
258.4396518349674,610.57922987219,68,11,-2.4890805522033953e-4,-2.1999999999999993,0.00249784055717045
378.1077284216216,551.7958070539386,69,12,1.9539425301490915e-5,-1.0299999999999994,0.005868414630904706
270.6100244548004,506.18150893917857,70,1,-4.6705555442287487e-4,1.7299999999999986,0.004520852201192971
587.0509230541998,512.1678937202123,71,2,-2.214809537127542e-4,-1.3999999999999986,-0.003253279423549471
762.1911709631136,497.5238047379804,72,3,1.0446926066020462e-4,1.0999999999999996,0.030974527594166912
165.88799815124838,478.3309850399853,73,4,6.375444048290022e-4,0.6399999999999988,-0.02016583417321166
471.7404573331674,473.18712540364237,74,5,5.995473826914677e-4,-1.9899999999999984,-0.018301005386670788
556.4014004216665,587.8607677330816,75,6,3.4608846394089225e-4,0.9699999999999989,0.017967123907530136
369.2182002891986,670.6861248615592,76,7,1.8904588594343373e-4,-1.42,-0.0012709955309535004
214.99669614981622,651.1802368146391,77,8,3.16715250166192e-5,0.5,0.0023998215771727782
476.0945903712255,629.440004785966,78,9,5.212858369985432e-6,-0.7300000000000004,-0.009870000274941615
557.1742670700619,646.7158283344077,79,10,5.614971657341237e-4,-1.8899999999999988,0.014887513469222013
535.2132149412636,739.0336689792675,80,11,-4.935869553925193e-4,1.2599999999999998,-0.007000711435524942
633.4224218558581,627.8315485263786,81,12,-2.4068655158426822e-4,-0.009999999999999787,0.011111998588514138
461.2100611204806,530.4772026323512,82,1,-3.207987169328158e-4,-0.2599999999999998,-0.012514315656021013
401.7150177220063,536.0806822296915,83,2,-5.362109223641508e-4,-0.22000000000000064,0.007005322017601734
523.7571351050274,575.8080032986079,84,3,-1.863005650377808e-4,-0.9299999999999997,0.00124175104412666
192.9122577092101,551.7707492160184,85,4,-3.2613006201907303e-4,1.5899999999999999,0.005026601310416046
330.88914768170764,509.09920666570406,86,5,4.737136899062855e-4,-0.17999999999999972,0.002090784966345627
349.00437616817817,374.94378586703004,87,6,-6.688694221790477e-5,-0.7400000000000002,-0.013254366356808156
503.36181662326675,303.4494927890918,88,7,1.1283640803105843e-6,0.9900000000000002,0.003556195742544066
622.8118383592118,271.0279569098794,89,8,2.1549711848674671e-4,0.9199999999999999,-0.01166473811267471
721.7884778090688,272.8944060391303,90,9,-2.4770363554545496e-4,-0.620000000000001,-0.01462017823661027
637.5622642728463,298.6406845254308,91,10,3.127181187168142e-4,-0.6799999999999997,0.002622520937573425
488.5077206665933,196.5030961545366,92,11,9.914857949119144e-5,-0.75,-0.005902746597194863
374.90333288036294,300.5024349978935,93,12,-6.199258548012024e-4,0.22000000000000064,0.02066178684093084
403.73975307107725,314.1839718705253,94,1,1.0562025611809099e-4,2.119999999999999,0.01228976899421158
473.4055885360888,334.5455796590269,95,2,-1.8992749907654344e-4,-1.9799999999999986,-3.8914173467191615e-4
273.6400976441189,358.7735749421128,96,3,1.4638357711584116e-4,-1.6800000000000015,0.011843303705620645
697.4871983584752,352.9839111537836,97,4,5.090823018341628e-5,1.8900000000000006,-0.006842291757001406
628.6802586499451,358.80827530106353,98,5,6.59251203735169e-4,0.1899999999999995,-0.025206477471969857
684.284954787433,350.26242242400576,99,6,1.989279690276357e-4,-0.2699999999999996,0.0025881304385418913
299.1522892337261,403.07074978190184,100,7,2.930352728211776e-4,-0.7300000000000004,0.015861266010342934
552.9305303908849,367.7093389498509,101,8,-6.251202047666063e-4,0.3000000000000007,-0.008151053822779697
181.99567781632447,346.2162466017116,102,9,-7.335956088455782e-5,-0.009999999999999787,-0.003239787427371188
175.22350692202872,334.1280164413263,103,10,4.43430695281917e-4,-1.8800000000000008,-0.015212657667477814
488.86359638699685,325.39050518720626,104,11,-4.437715577354194e-4,1.8499999999999996,0.009062411156874117
509.31398910054594,308.2801733332196,105,12,-8.88774505023008e-4,-0.21999999999999886,0.006993010910053943
789.1819952730206,381.0806376883136,106,1,3.1493287597818796e-4,0.2599999999999998,0.00872390183783367
594.6957542384633,362.8344767083735,107,2,1.2163539420664664e-4,0.6199999999999992,0.01122352428983675
792.2472932587876,311.85161068798976,108,3,-6.105811519545833e-5,-2.1499999999999986,6.689195738250886e-4
241.97274130721698,330.1290090780728,109,4,2.949549029773804e-4,3.1799999999999997,-0.009226378108736277
444.5176257083361,286.6096945513163,110,5,2.785704397387234e-4,-0.9199999999999999,-0.01881625559549166
428.8309694200798,301.6406371135271,111,6,-5.261113783930748e-4,0.129999999999999,0.0022676561032280995
337.75264861033884,308.0223643366153,112,7,2.9203959957230935e-4,-2.0700000000000003,0.018453433374216066
329.29924882181706,341.4625986239184,113,8,6.576164078606738e-4,0.4800000000000004,-0.015153162463145242
295.0268861075145,404.13561282742984,114,9,3.111963280201021e-4,-2.7399999999999993,0.0010401421368377295
371.26622961888944,427.684533699173,115,10,-1.794865345492065e-5,0.3199999999999994,0.002937627574910451
545.9360100466258,520.9588087903594,116,11,0.0011386762969068914,2.25,0.010492702887079985
275.9112831521548,552.5298278659106,117,12,-0.0012088653088271149,1.3000000000000007,-0.012172817709466766
315.025435054066,521.865970413895,118,1,4.751349622321901e-4,1.0899999999999999,-0.001887703836962018
220.3819086989789,470.14111203025334,119,2,-1.8664336947003986e-4,-4.42,-9.144079601030031e-4
212.21633736268498,472.4225271704885,120,3,1.1581848440518627e-4,-0.4299999999999997,0.013848540857324565
414.6761795027043,470.92394780145594,121,4,3.5198908582628405e-4,2.379999999999999,-0.010270731306573466
-574.0096905001035,512.8838061202678,122,5,0.0012302572326145702,-0.8599999999999994,0.028585056421356947
-1449.8277358283929,551.2905990083183,123,6,0.0022030672688695702,0.7799999999999994,0.011851019910426142
-564.3930841986755,504.1962517849541,124,7,0.0033887422704664202,0.8200000000000003,0.019907262587656793
-344.0110342758729,483.35658436583276,125,8,0.0036826782821168733,-1,-0.00659596849040156
-421.15847210023804,500.8774873220201,126,9,0.0015717175222201424,1.8900000000000006,0.01290188654690766
-750.578452852988,497.7611047482444,127,10,8.795864382201979e-4,0.03999999999999915,-0.00859068964560139
-661.387645539575,430.1688051469199,128,11,0.0047655394372669475,0,0.004938671426682584
-582.462300729265,380.878848197872,129,12,-0.0026591844695766503,1.2599999999999998,-0.018978872271145808
-971.5976482635648,330.2099309309092,130,2,0.005577993186903132,-1.5299999999999994,0.0752055840314747
-1150.2768011863473,496.463036603938,131,3,0.002440394261384801,1.0500000000000007,0.015968064692360118
-760.8388307183311,561.3043123034256,132,4,0.0015414999701886256,0.08000000000000007,0.00728186364377692
-315.88647951725324,582.1077539990326,133,5,0.0017243634373161967,0.3099999999999987,0.02016336603864921
455.52801328520684,547.5927720525409,134,6,3.7107060160611327e-4,0.4400000000000013,-0.006745150586410842
-67.2204982735724,590.6641964966486,135,7,2.1460381198851186e-5,-2.450000000000001,0.011099460094570135
-279.5866442069794,610.8803736176238,136,8,-0.0017764439925964381,1.7100000000000009,-0.011516408385767396
-124.8863176713754,547.5070491524558,137,9,0.0020258161966277624,-1.0899999999999999,8.773552304069954e-4
322.8186975052782,529.9044561074417,138,10,-0.0028418389879476674,0.1399999999999988,-0.012213503741150045
123.14394356455868,555.9094737654035,139,11,-0.0014407776703454153,0.4299999999999997,0.016969739083347368
60.5136504058556,595.2082003415882,140,12,-9.128109146831834e-4,-1.0399999999999991,0.002097964374686845
143.5788835884999,622.0563280951374,141,1,-2.921324398275152e-4,0.3699999999999992,-0.0024807700476986994
500.6638400257568,621.6915618904295,142,2,-6.510861737197976e-4,0.6100000000000012,0.013370654842630114
50.25314040283389,432.2959618265631,143,3,0.0013839115053414508,-1.9299999999999997,-0.006589218141186959
-1032.1074772133354,319.2480555463817,144,4,0.0030893483234695623,1.629999999999999,0.008367665396573964
-788.2005721343166,289.09517949848856,145,5,0.0022695563199097574,0.3100000000000005,-0.0071471350604825346
-428.6905935043528,355.73713220026445,146,6,4.2900062067599554e-4,-0.8000000000000007,-0.004448353221029433
-170.7277213738933,338.8547320103097,147,7,0.001608831815823053,-1.5700000000000003,7.710959359481517e-4
-365.84318124581284,283.2560566485398,148,8,-0.0014080449624194816,1.4400000000000013,-0.00928701943112209
97.34684469977489,276.8028066268879,149,9,-7.480237032597079e-4,-0.8300000000000001,-0.027851060194974187
-4.047490611105431,265.23087296696167,150,10,-0.0029667153074895494,-0.16999999999999993,-0.02033176477945181
-672.5055541268432,261.0689025313739,151,11,0.005681784990530486,0.03999999999999915,-0.0057412234222883884
-144.398153029801,288.5854622489603,152,12,-0.002029634551841207,-0.2400000000000002,-0.0017072433132866438
70.0629573414346,313.1470697818983,153,1,6.828916153420114e-4,-0.4399999999999995,-0.015108359212239852
159.6786295268959,370.3191804755423,154,2,-0.0025791862016120437,1.67,0.008843080025922323
806.073604271047,402.84626392138813,155,3,-0.002859380243179478,-1.9600000000000009,0.002025136093736557
1582.6668189636184,430.73487664559974,156,4,0.003737240953833723,0.7100000000000009,0.016650093711487512
1730.433310212769,389.7877707095532,157,5,-1.356429374837556e-4,-1.4900000000000002,0.01279915775617757
1774.7279882149592,386.5054439892912,158,6,-0.007465834006315335,0.5199999999999996,0.0028032047929775206
1107.4051535226379,403.3524982349767,159,7,-0.0018324347185567358,0.13000000000000078,0.013734979529635427
1127.498081849172,486.013188362433,160,8,0.001641323207570801,-0.8399999999999999,-0.00350403659846249
778.537008368474,569.2340374411485,161,9,8.455256291478377e-4,1.0199999999999996,0.006842736148574335
888.4268385201999,621.4308039694938,162,10,2.7660746014408766e-4,0.009999999999999787,-0.0036535801090126774
1310.4389316461074,685.5553415888327,163,11,-0.0015182849209286406,0.08999999999999986,-0.0044402754043395
737.5295229918777,696.1645869244215,164,12,-0.003091972147054589,-0.27999999999999936,0.0017576012074025371
565.9244963008625,740.1571752492941,165,1,6.77245801915978e-5,0.3100000000000005,0.0019492875821291444
307.3504539443838,746.8322480136535,166,2,-8.388735180797982e-5,-0.5800000000000001,-0.018492114126059778
488.11875217099396,838.0520960040005,167,3,-0.0019792794693687145,-0.3600000000000012,-0.0018391687514922594
508.28117297792016,948.2724083056129,168,4,-0.0015641955407064423,0.3600000000000012,-0.018217600449087823
397.77452158626045,1008.2781081882521,169,5,4.567908257191722e-4,-0.08000000000000007,-0.016758846936843874
401.57458279217894,986.5836618125634,170,6,-0.0022191738776322287,0.6699999999999999,0.002721616191849907
276.1376130561821,1084.6618396164497,171,7,-4.8517243095980503e-4,-0.4299999999999997,-6.893536384584009e-4
443.43622537704516,1146.507235255454,172,8,9.662447945922581e-4,-0.5400000000000009,-0.00829485080793857
257.6580077157775,1090.2252732803765,173,9,-0.0014067139142045111,0.33000000000000007,0.003939368360240281
169.5630256177249,1147.784105563714,174,10,-0.0013601051252308503,0.33999999999999986,-0.021308183170468786
265.17941209427846,1077.3225636759776,175,11,-0.0013677908823539163,0.05000000000000071,-0.0036516512109339705
146.9669659004502,1097.0701323424148,176,12,-0.0014777559332463178,-0.34999999999999964,0.004948307176060485
364.32494593397814,1036.567398342525,177,1,1.3099190479911801e-4,1.0399999999999991,-0.0037566429687646563
304.5009463969794,1052.876686231485,178,2,-8.412052549570496e-4,-2,-0.01089156477701514
251.7512675562461,988.0481071522152,179,3,-0.0012226624654166438,-0.3799999999999999,-0.019687741434395334
162.57398514399662,910.9713361697123,180,4,-3.3014424894100246e-4,1.0799999999999992,-9.642663364240467e-4
530.8923223322281,904.6535527999475,181,5,-3.0133992994815784e-4,1.120000000000001,0.006071427495804582
265.62874626909763,941.4853417759784,182,6,-5.838955561612898e-4,1.0199999999999996,-8.136022855447789e-4
507.0447232222896,785.4673695402337,183,7,-2.6820877783548074e-4,-1.4800000000000004,0.003545131211190433
606.5332981304916,719.1967697172519,184,8,6.392882118137072e-5,0.5400000000000009,0.004278554801609269
637.1738848648966,692.7512327913377,185,9,6.540028546986147e-5,-1.7200000000000006,-0.01119189638668694
588.127519683308,583.066459565611,186,10,-2.49494346185649e-5,-0.2400000000000002,0.007996664228932249
429.1569721912579,549.3877535106417,187,11,0.002251531233391335,1.3399999999999999,0.005138831739786187
505.6634247586711,545.2283394859858,188,12,0.0034997038309187503,2.8200000000000003,0.013859091441352889
632.6465653879509,562.8604180521179,189,1,-0.001444458739567965,0.20000000000000107,-0.010136279360411393
852.8407893836576,481.34301946021185,190,2,-2.591327555545621e-4,-0.6100000000000012,-0.011543393901694121
232.57557437003297,529.606304331871,191,3,-2.8892933753177016e-4,-2.33,-0.01841987527256106
774.2651169294223,528.9702618226233,192,4,-2.450280520689095e-4,1.2700000000000014,0.003177277255944355
376.774020529389,530.4712529280309,193,5,4.0820549761329955e-4,0.7799999999999994,1.1960497765889366e-4
121.625537926997,470.52795379819645,194,6,-2.8152817536977043e-4,0.4599999999999991,-0.011227406414135666
237.6741683733563,509.8594969130231,195,7,7.432597157338537e-4,-0.5799999999999983,0.01709969559833685
-32.2042948983636,442.6857762900305,196,8,2.201010747127051e-4,0.14999999999999858,-0.0014799250169055256
44.1659924136761,379.0415651851742,197,9,3.405116640982815e-4,0.11000000000000121,-0.006014155547220623
295.4824498216446,354.1774838933165,198,10,-8.994239138378039e-4,-1,0.004299389987719671
235.56583232550378,364.6477712978323,199,11,-3.772512411231062e-4,-0.28000000000000114,-0.007569897785912605
468.7472925530045,279.7157196187338,200,12,-0.0016985431323034619,0.7200000000000006,5.589024935858111e-4
154.9322937299368,269.3371238974684,201,1,3.407999382057745e-4,-0.040000000000000924,-0.002074964031673898
31.8370214792551,339.47591131503253,202,2,-1.6130041065093824e-4,-1.6999999999999993,0.005426509959188974
579.1983353055219,211.3753140302332,203,3,-8.902941060548869e-4,-1.5700000000000003,0.007254355415486635
457.1043204525882,171.34550843081792,204,4,6.31041501143197e-4,1.0899999999999999,0.018153965722062293
241.92338493603128,128.4142215880646,205,5,-1.3209210949114217e-4,0.5,-0.011592483086781014
627.5916123749337,88.6391621357329,206,6,-0.0034818250175433704,-0.72999999999999865,0.004538419286136464
582.391588742448,63.97565163676509,207,7,2.918930898449419e-4,0.27999999999999936,0.0029165030110253065
579.0693841786608,139.2847069658742,208,8,1.627016485306245e-4,0.22000000000000064,-0.003061365242037317
782.0865243123354,245.046543673002,209,9,3.651817896236191e-4,-0.28000000000000114,-0.009551739895429234
572.294108071727,262.231185781987,210,10,-6.747102649787215e-4,0.5700000000000003,0.010379769477371903
697.1205041278683,284.7031087699125,211,11,6.093252933964052e-4,-0.5199999999999996,0.004525293266979258
458.8163668383593,266.4709608732352,212,12,-3.9100859687975914e-4,0.1399999999999988,-0.002031538527506649
664.6513527235065,297.8499604573326,213,1,3.0278873917071944e-4,-0.15999999999999837,-0.004076735624890471
588.5866351250346,281.7705802854142,214,2,1.1218781164686574e-4,0.5999999999999996,0.007935166364745283
517.8675878239947,348.4061663152538,215,3,8.461466718319502e-4,-0.47000000000000064,-0.007932310989745173
56.5336928725468,390.9934120880898,216,4,6.170533349424065e-4,-0.5999999999999996,-0.002628084317049084
93.7829746983531,365.51721483865765,217,5,0.0012255967363145152,0.41000000000000014,-0.007600066824388518
175.4334174614769,390.5037930465394,218,6,-2.537560747212786e-4,0.379999999999999,-4.004263319623558e-5
