Fecha,FEDFUNDS,Var_ln_IMAE,Var_ln_IPC,Var_ln_itcer,Var_ln_cafe,Var_ln_azucar,Var_ln_banano,Var_ln_inss,Tiempo,Mes,Var_Morosidad,Var_Tasa_interes_activa,Var_Liquidez,crisis_2008,crisis_2018,crisis_covid,PC1_Moneda,PC1_Ciclo,PC2_Ciclo
2008-02-01,2.98,9.31951077036368,16.847757244801986,-8.2056200335491,6.2802284354373406,37.7294231141468,2.0764557692820587,9.409232190552608,2,2,0.3420449388570881,-2,1.0330006042544362,0,0,0,-3.983398343029463,-1.1123422149024,-1.4265132834830576
2008-03-01,2.61,-0.209923741213113,17.320494613484172,-8.746238221852742,4.297964718752656,-18.80522315029396,0,8.056976486377287,3,3,-0.0444912089770324,-0.2599999999999998,1.619883101412448,0,0,0,-4.196358147382052,0.15612300144790275,-0.2884072672921444
2008-04-01,2.28,13.98623490221622,17.690974456759534,-9.037369342878687,2.151686096802674,7.148320389977281,0,9.24355834470454,4,4,-0.0155530494441316,-0.01999999999999957,1.887354137389728,1,0,0,-4.33275671475168,-1.8287681508640223,-1.5420452965195373
2008-05-01,1.98,2.896593661836899,19.67618386008416,-10.595818051371351,-2.0587193793406122,-30.328481795709703,0,7.319565561543229,5,5,0.0552593550520255,-0.15000000000000036,-0.9262230920438554,1,0,0,-5.063284230550803,-0.28776713865033077,-0.2807516171717563
2008-06-01,2,5.054609087169659,20.774652230586632,-10.579002280498528,-1.21536140555003,36.101334553733054,0.7421930492097489,7.67183735528576,6,6,-0.078681273899734,-0.05000000000000071,-1.028717781004861,1,0,0,-5.265231692516544,-0.5932837547500089,-0.507021683986989
2008-07-01,2.01,3.202550867018505,21.214116956455076,-10.455373868788609,-2.38699281519219,-9.5310179804325,-0.471001473174759,8.484933990106924,7,7,-0.06504309102885264,0.3600000000000012,-1.372411731148528,1,0,0,-5.3191285285762495,-0.4450673390565044,-0.33179965074577117
2008-08-01,2,2.212808770521945,21.443632234828055,-11.16505871678628,-5.820073705012163,2.478296570751736,-0.789966079701631,7.50371439906452,8,8,0.2361308644947893,0.8199999999999985,-0.209727129680072,1,0,0,-5.525415192886946,-0.2171897998149862,-0.22359108597121907
2008-09-01,1.81,6.154275865946435,20.531883992825065,-11.272631752009854,0.81352138277646,10.674368549457448,4.648815720703681,6.787449169626392,9,9,0.08574499426706339,-1.0399999999999991,0.485738966805517,1,0,0,-5.379334152030107,-0.6766489125351527,-0.5176522281131312
2008-10-01,0.97,-0.30576813260028096,18.470770308581663,-9.904616200772676,-8.91667335995363,-13.152665120209184,2.190694813626681,6.4907148062621545,10,10,-0.12821614587218866,0.3200000000000003,-0.14249240624366877,1,0,0,-4.678399253244316,-0.006316761181648922,0.5435195647621084
2008-11-01,0.39,-7.250092295911426,14.343925509388011,-8.367906004771886,1.109569677694999,20.97205309820692,1.256371043832782,3.1669876643887207,11,11,-0.10536833208655638,0.7400000000000002,-0.05212297435030422,1,0,0,-3.5516021158249664,1.1040628619288608,1.5385435799393794
2008-12-01,0.16,-0.842393996762425,12.907805583197174,-7.962098382892435,-10.627812731033616,10.265415406008328,-1.6533270888042568,4.003115477283359,12,12,0.07868718678005582,-0.14000000000000057,1.0802953839757483,1,0,0,-3.1891534857621737,0.15897634901256041,1.0114788722800998
2009-01-01,0.15,-6.009201356523608,11.739376250039602,-6.5971852791601115,8.180659876965102,-31.23746850421525,11.943797541378489,2.83909295152096,13,1,-0.14933185630531742,0.14000000000000057,2.0204080550193844,1,0,0,-2.656191725194537,0.9327620468136968,1.5359767941391005
2009-02-01,0.22,-5.146899940438043,10.235206207077583,-5.1000155464745225,8.63637784780602,3.2789822822991033,0.800933604167042,1.965370503784491,14,2,-0.29265974023025887,1.129999999999999,0.8070649132981487,1,0,0,-2.029893940473944,0.9324649475488636,1.4197376527108667
2009-03-01,0.18,-4.793562443504218,8.119506601984039,-3.603611624817571,4.565589806114101,7.251566775656326,-0.173703741736641,2.218020556358624,15,3,0.19428692430628255,-0.379999999999999,-0.8800053642661112,1,0,0,-1.2891920686932106,0.8524875048007143,1.403230846200861
2009-04-01,0.15,-11.324106592553916,6.65419961873388,-2.6810116409399667,3.4277174514436117,23.116674604165876,-0.299355692899805,0.296778773655681,16,4,-0.09885744620006907,-0.1100000000000012,0.3970117189902566,1,0,0,-0.8023720055247661,1.8751543679860592,2.076998145912711
2009-05-01,0.18,-3.2468567169570575,4.012310180978318,-0.213743802654686,0.532168195966775,-30.3682413798222,0.555234960086181,1.918395043149523,17,5,0.24918644217305497,-0.3699999999999992,0.07500487733872063,1,0,0,0.26029512384226755,0.6897499380422485,1.2508874857809071
2009-06-01,0.21,-4.499620076839061,1.938980929145195,1.724914998700466,3.1771418719549693,20.35989552412395,0.206661877588842,1.697862273177541,18,6,-0.02338503290855476,0.15000000000000036,2.150807813878309,1,0,0,1.0948114887230227,0.8775182741223813,1.3616487117008078
2009-07-01,0.16,-2.589715495521805,0.07640003427615838,2.924556809646183,-5.0855967411960625,-5.406722127027585,3.9876742518363697,0.8979834336750869,19,7,0.0320159654713712,-0.16000000000000014,0.6381940105670267,1,0,0,1.7198087938106004,0.7122408310741082,1.2004801970470673
2009-08-01,0.16,-2.466962434885644,-0.12174708549927898,3.7305535828582306,-2.6203684023388787,-2.81708769666964,-2.021580558848779,1.718989913371693,20,8,0.21539550828600884,-0.5899999999999999,1.893021196711132,1,0,0,1.9423774012339878,0.6086997426412801,1.1842441270021986
2009-09-01,0.15,-3.997614716313347,0.00758811701242478,4.346441464797923,4.098934453319636,-15.415067982725828,0.133870819796566,1.592027984326804,21,9,0.34625311619516097,0.8099999999999987,0.2141047344848701,1,0,0,2.059846776547848,0.8130887121336319,1.342052092041714
2009-10-01,0.12,-4.4595189202031085,0.42414666328482997,4.365479662472715,-5.686208509324775,28.76820724517811,2.2342699694217307,1.7026899429380289,22,10,0.2844659713466542,-0.46999999999999886,-0.5385536624808935,1,0,0,1.986177848896326,0.8531498986980929,1.4023468001416841
2009-11-01,0.12,5.687844355804206,0.4615451011016341,6.376577377723525,1.982081341289898,9.531017980432477,-0.761680538837605,3.8714920513831066,23,11,-0.03748411089885417,-0.2900000000000009,1.2746844125714247,1,0,0,2.4418807337527633,-0.6580486731715428,0.3825898196156218
2009-12-01,0.12,1.6860693848729895,0.93066158047117,6.668076556347291,2.395862146699823,-14.660347419187536,-0.08792239949766412,4.109629933902603,24,12,-0.4313930701181192,0.8300000000000001,2.5448441619190376,1,0,0,2.4210515804603547,-0.17938355720379895,0.7793816583158348
2010-01-01,0.11,2.251732048204058,1.836709517615364,5.656001860925475,1.548939024391593,0,-0.8627977962671449,4.910690872911338,25,1,-0.01416594617199207,-0.3099999999999987,0.8108917213055733,1,0,0,2.0184318493582114,-0.33867889670370577,0.7241656285016062
2010-02-01,0.13,2.479301923737598,2.704982179792736,4.489531990789075,2.268650824043661,31.365755885504164,1.819910442622951,5.824941572796227,26,2,-0.07447809034640951,-0.02000000000000135,0.33139481044432983,1,0,0,1.5873669554411882,-0.4612521878352436,0.6871129044575841
2010-03-01,0.16,6.225613091161719,4.331868535246563,3.2176919802669337,1.2103343418660368,-8.004270767353649,-0.834042920622035,5.871932563904991,27,3,-0.08022303570650102,-0.20999999999999908,-0.828362131226065,1,0,0,0.9899197164461376,-0.9320512589558181,0.2994235268995729
2010-04-01,0.2,2.463526906649615,4.735227128554786,3.1313920827856547,2.033496253651723,-20.76393647782445,0.543209770067676,7.031453939397991,28,4,0.25858445042522193,0.17999999999999972,0.4341348494469486,1,0,0,0.8944880021507002,-0.5740742594872779,0.6479869794706298
2010-05-01,0.2,2.9434500575050917,4.570867617258223,2.7332467042185717,1.09013454881941,9.763846956391596,-3.063878172607648,5.94442219327771,29,5,0.23226801172255795,-0.9299999999999996,0.7171739877066088,1,0,0,0.8336788591718154,-0.517930354157979,0.6055947431631235
2010-06-01,0.18,4.786963278670431,4.525995004833394,1.737172190843416,0.4761913760242819,8.894748601649615,-16.37669122940526,6.487423555965854,30,6,-0.02567241645906293,4.009999999999998,-0.8626642829817044,1,0,0,0.6129112812305152,-0.8126360054583526,0.42953569005106407
2010-07-01,0.18,4.488918397865049,6.016629165792686,0.344019103945836,5.05498895252563,-4.348511193973881,4.577363170154491,6.561666809636257,31,7,-0.07659966462008505,-4.249999999999998,0.06685551902918974,1,0,0,0.013081651724440544,-0.7830477864779466,0.45881073331281574
2010-08-01,0.19,4.2080391850026535,5.199732547010871,0.847025000080936,5.308535180040685,-6.8992871486951435,2.159535702785664,5.940282426380783,32,8,-0.8925096267067323,0.3100000000000005,-3.5976852998763533,1,0,0,0.2818716680235718,-0.6789093531220891,0.48482450226065443
2010-09-01,0.19,5.351866200820332,5.283243860893716,0.7628902979447181,5.707683113543727,2.353049741019408,2.875128775218094,5.865255053706875,33,9,-0.21772750862733625,0.379999999999999,0.545029062755745,1,0,0,0.24686685160033617,-0.8149794738167375,0.3714436788207365
2010-10-01,0.19,6.535082454723451,7.011586450694907,-0.849657997207842,0.8631160090361689,-7.232066157962603,-8.367504642150614,6.037422724651975,34,10,-0.13388253985128662,-0.1999999999999993,-0.8575117342004859,1,0,0,-0.44797951914576,-0.9825307001484509,0.252932739982472
2010-11-01,0.19,6.417228784287143,8.422069215409955,-2.577837369870916,-1.797892171577597,7.232066157962603,-0.16784394457180998,5.720065273408892,35,11,-0.1772223257456038,-1.5199999999999996,0.05192431525108532,1,0,0,-1.109873750601174,-0.9336365444651435,0.26621012218955264
2010-12-01,0.18,3.4982318293746317,8.824699428114524,-2.60780452464866,17.83958383293518,17.062551703076334,-10.00705650636835,5.887972869647662,36,12,0.9143902393591326,-1.5500000000000007,-0.9974602192678644,1,0,0,-1.1922080443553553,-0.585952822238815,0.5606364167088881
2011-01-01,0.17,5.2447835399580525,7.712954034720543,-1.178673695254772,-0.454890852636946,-19.415601444095746,-19.625800602146093,6.134886144307217,37,1,0.28353097793294246,1.0099999999999998,1.1617630485965122,0,0,0,-0.6550918568512516,-0.8345897163936602,0.39070499155283567
2011-02-01,0.16,3.247695692139896,6.977676256623777,-0.135015858906761,-0.693644399665682,30.538164955118173,15.685006302598126,5.991899918902455,38,2,0.00513686034682336,-0.15000000000000036,2.134500335992485,0,0,0,-0.27720217108981604,-0.5697122328667203,0.594976728701512
2011-03-01,0.14,7.9260132962931,6.523363289454753,0.739240182532796,6.210739536742871,-15.123096972392348,15.55177340387912,7.200539430665387,39,3,-0.12453223585831008,0.13000000000000078,-2.9636064618801186,0,0,0,0.009068370952120625,-1.2930019811951254,0.13374143123006288
2011-04-01,0.1,5.849280676468016,6.869803522768958,0.676980141090322,5.588953523444573,35.667494393873234,-1.7264866530164895,7.565998641549676,40,4,-0.04631561840256415,-1.75,0.906012520157816,0,0,0,-0.07016768618627692,-1.0788996115741676,0.35834174619540043
2011-05-01,0.09,8.918060017786633,7.964649236160692,-0.01041070221123874,8.273210438285172,-10.536051565782625,0.55558610337858,7.465345455423389,41,5,0.00637854477905275,0.5899999999999999,-0.5024665347469295,0,0,0,-0.433459100772838,-1.4568475744927696,0.058625655123805354
2011-06-01,0.09,7.530390348727067,8.633408323596292,-0.342946555919887,3.4143848652192332,-33.64722366212129,1.184675603037987,8.206264752142545,42,6,-0.1435972410878441,-0.2000000000000011,1.7914501439502004,0,0,0,-0.6352716033913357,-1.3614884570773007,0.19298804104408473
2011-07-01,0.07,8.019467883895182,8.111527170172206,0.37394870625613297,-8.58198367831191,33.64722366212129,0.966389755947805,7.592933955854164,43,7,-0.04054633401754293,0.2900000000000009,-0.25671322777723304,0,0,0,-0.37254634581646306,-1.361492181862483,0.15729641726589894
2011-08-01,0.1,6.861928523540062,9.257951073901882,-0.72262108604777,-12.327377651923843,-19.18910078101053,1.435658165433295,8.252358629131962,44,8,-0.11914184702868358,-0.27999999999999936,-2.017621324066255,0,0,0,-0.8396450266580223,-1.2801203984482445,0.25426994832773575
2011-09-01,0.08,5.9965953244044625,9.069323321030254,-0.535476513765953,12.365647026261506,15.963014559188382,2.529427513158566,9.003890961955108,45,9,-0.10072057651355992,2.289999999999999,-1.3043389295925962,0,0,0,-0.7612445444437822,-1.2558899425983419,0.3465714797914826
2011-10-01,0.07,3.2813278693702763,7.373545955194505,0.591380050026746,-8.853528994965387,-30.42113744029915,5.593211849169322,8.31135859706258,46,10,-0.09809749764749975,-2.4000000000000004,-1.511771728624339,0,0,0,-0.18424698007226478,-0.8415706784503088,0.6249599728246069
2011-11-01,0.08,7.64966985065394,7.091086072875008,0.88060114079207,1.461697494216007,12.5163142954006,-1.580788931451682,9.322881238550806,47,11,-0.07603092827871105,-0.5999999999999996,-1.195263466063082,0,0,0,-0.06477988008767002,-1.4983924975299072,0.18061455230027124
2011-12-01,0.07,2.8193188185894327,7.656257675127254,-0.02105484795649204,2.655982680168023,24.25616371713114,1.015078110313183,8.507594026810672,48,12,-0.30092157317088253,4.1,0.9962180382974282,0,0,0,-0.3781257756595847,-0.8044103386133952,0.6699419631009869
2012-01-01,0.08,12.747970218701177,7.9288171119764606,-0.29163649458832003,0.843362449113094,-16.70540846631662,3.1420373794509793,8.507016269083856,49,1,-0.05837551386623341,-3,0.5568405040746001,0,0,0,-0.4914493285878389,-2.0532400864343594,-0.3223873494953263
2012-02-01,0.1,10.255932688254354,8.437391726102028,-0.845384150755279,-0.05747761847203492,-11.551288712184435,-7.285168912282369,9.021948179235116,50,2,-0.0542457321325176,0.120000000000001,-1.252493878085005,0,0,0,-0.7141446465172776,-1.7903135211139674,-0.0870265641858865
2012-03-01,0.13,3.134086463981145,8.197452913327563,-1.095186957007143,-3.3961030141062656,4.0005334613699155,3.3325235231679073,7.857356645967961,51,3,-0.14434339619487746,0.25,1.7558110618373206,0,0,0,-0.7266623253151837,-0.7617831310252934,0.6120239257999
2012-04-01,0.14,5.606039173781685,8.600134713892071,-1.674730370646937,-2.793037043787638,-1.980262729617965,-9.051996173127552,7.337127366536045,52,4,0.00953510670395418,1.8099999999999987,-2.7805237627169888,0,0,0,-0.9354519010225248,-1.0153448350029983,0.36378326418616974
2012-05-01,0.16,6.4891149936260994,7.252313644617825,-0.972963683203964,-3.495017987078519,5.826890812397578,-8.104947547488894,8.48495210459106,53,5,-0.06184070700282218,1.6400000000000006,-0.6337402787685278,0,0,0,-0.5214537547219992,-1.245566882237425,0.2603969388179977
2012-06-01,0.16,1.550286585388605,6.26735945280581,-0.177129507108819,-3.092545386818912,29.23879634891935,-4.462983204383697,6.7288343105914805,54,6,0.0322328106265255,-1.42,-0.0868279541971475,0,0,0,-0.15380188677501072,-0.43489938676089207,0.7601610089742441
2012-07-01,0.16,3.229609861037108,6.177460956618486,-0.04148086754485192,-4.417997223598924,-13.55454919962238,10.713775345695886,7.474035565480719,55,7,-0.0241431088317916,0.05000000000000071,-0.8527309175410771,0,0,0,-0.10574808165766081,-0.7264315592708811,0.5895022831738433
2012-08-01,0.13,4.3747175385721695,5.791951014804919,0.763756421880845,-3.332395707851088,-17.589066646366412,-8.98509374579124,6.857454924113782,56,8,-0.02616122307944923,1.3599999999999994,-0.8117250405213454,0,0,0,0.15175134096593768,-0.8108331387542238,0.49355479236487587
2012-09-01,0.14,3.5164632698486455,6.211990153262725,0.576548492985917,-6.895408398427971,1.9048194970694428,-4.341013754175638,6.6586124853461826,57,9,-0.08187421386557814,-1.2100000000000009,-1.0042795417986348,0,0,0,0.029977491224104723,-0.6792759285405813,0.5749127244227582
2012-10-01,0.16,10.328253794394904,6.2724630665147885,0.752309417197505,3.3018763560241027,12.40526486699788,5.5718102465943,6.907962672826962,58,10,0.1404097229188599,-1.6899999999999995,2.027242898005113,0,0,0,0.05908566923519798,-1.5601132337039605,-0.11365149037582178
2012-11-01,0.16,3.815261654355684,5.978012677044919,0.986662207904487,4.512457427622518,-5.129329438755059,-8.78207798839501,6.802054985238826,59,11,-0.14853309198225428,0.2000000000000011,-0.0164391253619307,0,0,0,0.16817538145650618,-0.7281343164809171,0.5345590556751817
2012-12-01,0.16,10.2975978828324,6.407136854386586,0.6297250029036581,-8.345179422824334,10.008345855698265,-6.2795158485667635,7.619022609499204,60,12,-0.12999969088721786,0.7699999999999996,-3.048905609722226,0,0,0,0.005648260720620316,-1.632530587820051,-0.1140921355859944
2013-01-01,0.14,2.66457196934633,7.458626561181436,-0.627814137021776,-10.44056384039136,-21.130909366720697,3.95796434095379,7.652681355536295,61,1,-0.05211729949083787,3.1799999999999997,2.854379504996256,0,0,0,-0.4806984787011341,-0.6785802425826515,0.6547518749826138
2013-02-01,0.15,4.632160640938032,6.843397397126338,0.334833419450752,5.224077422714224,-4.0005334613699155,-8.010266150910184,7.662700636293884,62,2,-0.05762484477715368,-0.25,0.11388809654777889,0,0,0,-0.14394062115884218,-0.9254767110264059,0.4540661960949427
2013-03-01,0.14,3.096068347810021,6.576164778956439,0.17813175978638102,3.6068293056198177,2.020270731751949,-1.67830287560573,7.418060591354347,63,3,0.03540677866137853,1.7300000000000004,-2.2637462914439546,0,0,0,-0.12992378825444845,-0.7077782388020983,0.6129926083272469
2013-04-01,0.15,11.971799785704018,6.147539824684056,-0.01055576081627762,1.046572745519292,-15.082288973458368,-14.553904158841211,8.341245081680349,64,4,-0.2734114536649539,-2.49,0.9401926956196184,0,0,0,-0.09302665903301932,-1.9230410535246776,-0.27916106009561836
2013-05-01,0.11,4.634778372420012,7.446387254096187,-0.833997972076439,-1.756409004687142,15.082288973458368,-3.9883177046793783,7.378307549841168,65,5,0.02808664278080086,0.379999999999999,0.7083797091405692,0,0,0,-0.5258436830141103,-0.9036524902038101,0.4750723900670858
2013-06-01,0.09,3.92012074917627,7.956182283618585,-1.006192327188237,2.838702308231067,0,7.891097275880732,8.132167371156207,66,6,0.02040776461275228,-1.549999999999999,0.11099694849346164,0,0,0,-0.6609805002323228,-0.898656390665534,0.5523784209246918
2013-07-01,0.09,6.140549982474841,7.376060921385363,-0.436591130084362,-3.505391464893748,-12.783337150988494,21.06494557029892,8.176814974418178,67,7,-0.02351536993079928,2.24,0.9396474514983773,0,0,0,-0.42123214628499217,-1.1832134638249365,0.33134658294638547
2013-08-01,0.08,5.039642971763047,7.6410469760454625,-1.179039410737115,-5.972108894166617,12.783337150988494,-2.299147233247822,8.32345063365132,68,8,-0.0068876208973303,-0.21000000000000085,-1.741033621308695,0,0,0,-0.6417030108916475,-1.0623216608070145,0.4450755365427259
2013-09-01,0.08,6.762347722982032,7.0934811403395415,-0.9696795600402368,1.9323354577069016,0,13.172416321698144,7.560866771633812,69,9,0.0479424202747214,0.75,-0.3794388222023244,0,0,0,-0.49093822482341193,-1.1975701011613973,0.2775015711514449
2013-10-01,0.09,3.09303006913586,6.606652263269819,-0.3909067831418861,-8.433964250528714,-4.082199452025514,-4.955734109976717,7.705897013272533,70,10,-0.5703240834402089,0.8499999999999996,-0.02951215465895984,0,0,0,-0.266559594883211,-0.7487167152580497,0.6367210161746686
2013-11-01,0.08,2.5843965183496738,6.105792298721901,0.278652329538164,-21.49338967333377,-4.255961441879585,-9.440772411381104,7.609445832006756,71,11,-0.02489080552203393,-2.1999999999999993,0.24978405571704343,0,0,0,-0.018664033018493363,-0.6763721301332396,0.692743613705632
2013-12-01,0.09,3.781077284216216,5.517958070539386,0.771238841049815,-9.912616917101149,0,20.623758633179445,6.652283627360944,72,12,0.00195394253014913,-1.0299999999999994,0.5868414630904724,0,0,0,0.2048100410587445,-0.7223808188461788,0.5734676919496491
2014-01-01,0.07,2.706100244548004,5.061815089391786,1.282804262625259,15.460451541308815,0,13.078782155975066,5.924235787507648,73,1,-0.0467055554422876,1.7299999999999986,0.4520852201192973,0,0,0,0.4079761960292946,-0.5130119210311714,0.6938779278714201
2014-02-01,0.07,5.870509230541998,5.121678937202123,0.873640502056449,13.931971640441263,-2.197890671877533,14.167689558247254,5.3855993927651715,74,2,-0.02214809537127537,-1.3999999999999986,-0.32532794235494933,0,0,0,0.30261996790341705,-0.8539350471427753,0.3818333453343111
2014-03-01,0.08,7.621911709631135,4.975238047379804,1.619973121410822,10.215113594082492,2.197890671877533,2.118372841268634,6.081992792483604,75,3,0.01044692606602049,1.0999999999999996,3.09745275941669,0,0,0,0.5017731170590222,-1.1472244050920841,0.19927839679432902
2014-04-01,0.09,1.658879981512484,4.783309850399853,2.2029392182415277,0.357849520210429,-4.445176257083395,-4.566806306652093,4.7323806073030985,76,4,0.06375444048290013,0.6399999999999988,-2.016583417321165,0,0,0,0.671861968334579,-0.24903013809594157,0.7939328520909396
2014-05-01,0.09,4.717404573331674,4.731871254036424,2.419346152474322,2.365728362039654,-7.061756721395341,8.744419570520545,5.479409095509524,77,5,0.05995473826914677,-1.9899999999999984,-1.8301005386670788,0,0,0,0.7312904061843847,-0.7145335699155219,0.48610914205759426
2014-06-01,0.1,5.5640140042166655,5.878607677330816,1.287369289318984,0.9684273389853,13.657553500575078,-3.022744785390241,4.859054205462954,78,6,0.03460884639408923,0.9699999999999988,1.7967123907530151,0,0,0,0.25598676802711284,-0.752565773421286,0.3999936531715057
2014-07-01,0.09,3.692182002891986,6.706861248615592,0.280884449951734,-5.117207491955522,10.109611687136889,-1.806405598020699,4.769473200170893,79,7,0.01890458859434352,-1.42,-0.12709955309535204,0,0,0,-0.13077078346347984,-0.5091992684223399,0.5915471352018378
2014-08-01,0.09,2.149966961498162,6.511802368146391,0.11437485000405,-1.251821835740329,-10.109611687136889,-5.3541829797277165,4.612522577098232,80,8,0.00316715250166188,0.5,0.2399821577172787,0,0,0,-0.13253350154267834,-0.29804769789029895,0.7456843862239708
2014-09-01,0.09,4.760945903712255,6.294400047859661,0.06217616780617163,8.242507925894316,-2.150620522096347,14.475156984937064,5.346982039207226,81,9,5.212858369985085e-4,-0.7300000000000004,-0.9870000274941616,0,0,0,-0.10380933182403272,-0.7058133574334811,0.4824289667271367
2014-10-01,0.09,5.571742670700619,6.467158283344077,-0.247678145189755,4.54134601962437,6.31789016215315,-5.655649137848329,5.507582475910944,82,10,0.05614971657341239,-1.8899999999999988,1.4887513469222036,0,0,0,-0.20746925326515647,-0.8251999518358284,0.4010104081207534
2014-11-01,0.09,5.352132149412636,7.390336689792676,-1.51612457591197,9.282130986817627,-22.825865198098015,-0.8816762450456039,5.564446713876414,83,11,-0.04935869553925198,1.2599999999999998,-0.7000711435524956,0,0,0,-0.6722842579831446,-0.8036298703523761,0.4225707509417651
2014-12-01,0.12,6.334224218558582,6.278315485263786,-0.8340331916218521,-10.184375572386628,12.062798778861472,-24.025617759921847,5.268705138772134,84,12,-0.02406865515842682,-0.00999999999999978,1.111199858851414,0,0,0,-0.30699401903926493,-0.8893785081665254,0.31145366086459103
2015-01-01,0.11,4.612100611204806,5.304772026323512,-0.728032336812578,-0.200970467572947,-25.78291093020996,-16.773678687283233,5.903712715494791,85,1,-0.03207987169328152,-0.2599999999999998,-1.2514315656021004,0,0,0,-0.10019587660762627,-0.7426060238327448,0.48456360709818325
2015-02-01,0.11,4.017150177220063,5.360806822296915,-1.009531392147078,1.528663123759166,36.5459773494465,-13.593181928179732,6.325892630588648,86,2,-0.0536210922364152,-0.22000000000000064,0.7005322017601721,0,0,0,-0.17546177913434108,-0.7129339647141475,0.5416573473180822
2015-03-01,0.11,5.237571351050274,5.758080032986079,-1.348148594393716,-4.084322196167633,-36.5459773494465,2.2321173741780767,6.571734204791468,87,3,-0.01863005650377802,-0.9299999999999996,0.12417510441266444,0,0,0,-0.3278060523789375,-0.8930763663393149,0.41908500274827254
2015-04-01,0.12,1.929122577092101,5.517707492160184,-0.902448944032219,0.02358351523215063,2.898753687325195,-2.4107127692403187,7.325075825792915,88,4,-0.03261300620190732,1.59,0.5026601310416083,0,0,0,-0.18022238548701874,-0.5549487980242254,0.7394324373408643
2015-05-01,0.12,3.3088914768170765,5.090992066657041,-0.393987031154186,1.3467822724124718,2.81708769666964,-25.94102371253575,7.828315961905119,89,5,0.04737136899062855,-0.17999999999999972,0.2090784966345609,0,0,0,0.01671597486919263,-0.7827813120275444,0.5997505189233744
2015-06-01,0.13,3.4900437616817817,3.749437858670301,0.910979384889731,2.003867362393308,-8.701137698962969,-7.816194729217152,8.29197939585029,90,6,-0.00668869422179041,-0.7400000000000002,-1.3254366356808165,0,0,0,0.5683231372019538,-0.8532574235403745,0.5744926623511285
2015-07-01,0.13,5.033618166232667,3.034494927890918,1.903643430033685,-1.279457483603341,5.8840500022933275,15.865012498848865,8.842386381729561,91,7,1.1283640803105845e-4,0.9900000000000002,0.3556195742544084,0,0,0,0.9306701805307132,-1.106788828176831,0.41828949290188744
2015-08-01,0.14,6.228118383592118,2.7102795690987938,2.341690649927841,6.207055732711453,18.23215567939548,-17.030490144609978,9.485009820559398,92,8,0.02154971184867471,0.92,-1.1664738112674726,0,0,0,1.0922025417715917,-1.3241419223521682,0.2913800873545306
2015-09-01,0.14,7.217884778090688,2.728944060391303,2.182575494506888,-6.230155755914257,-12.675170563914383,-7.20482191314078,9.923578536898605,93,9,-0.02477036355454553,-0.620000000000001,-1.462017823661025,0,0,0,1.0520964799800483,-1.4958975740689373,0.19079969783856765
2015-10-01,0.12,6.375622642728462,2.986406845254308,2.166887726349387,-13.98716861812419,10.265415406008328,15.19105573395425,10.585603764466,94,10,0.03127181187168137,-0.6799999999999997,0.2622520937573398,0,0,0,1.0002471080964928,-1.4649720086206983,0.2812461264726125
2015-11-01,0.12,4.885077206665933,1.965030961545366,3.515987165362766,-8.205970878956315,17.824823140631885,1.434694837826544,9.869174112053614,95,11,0.00991485794911917,-0.75,-0.590274659719487,0,0,0,1.5020175649037828,-1.2003117914308434,0.4329904706718109
2015-12-01,0.24,3.7490333288036295,3.005024349978935,2.74668789856145,3.958673521851619,-6.31789016215315,6.9607830380956415,11.165036428281638,96,12,-0.06199258548012021,0.22000000000000064,2.066178684093085,0,0,0,1.1301582926114002,-1.1711252203665288,0.47999361353220943
2016-01-01,0.34,4.037397530710773,3.1418397187052527,3.194766077493494,7.405351306857089,-21.77234838448706,-20.879035587541495,11.823093649817196,97,1,0.01056202561180907,2.119999999999999,1.2289768994211592,0,0,0,1.2076167489186058,-1.257165711823389,0.39841037406444285
2016-02-01,0.38,4.734055885360888,3.3454557965902687,2.8156348734708727,-4.394576739477784,-5.556985115481094,0.7527769303944599,11.638536918766995,98,2,-0.01899274990765442,-1.9799999999999984,-0.03891417346719095,0,0,0,1.0822359800364247,-1.3167894079429734,0.3101651790583971
2016-03-01,0.36,2.736400976441189,3.587735749421128,2.4850482266735687,7.854648031994138,0,18.269426982020494,11.230676809956464,99,3,0.01463835771158417,-1.6800000000000015,1.184330370562062,0,0,0,0.9607799411682103,-1.0255144262776401,0.5207608163789555
2016-04-01,0.37,6.974871983584752,3.529839111537836,2.632542770484747,-2.499264516092392,5.556985115481094,-16.94931893397662,12.440302601301669,100,4,0.00509082301834162,1.8900000000000008,-0.6842291757001391,0,0,0,1.005563149778515,-1.6872246718713473,0.08835842658691151
2016-05-01,0.37,6.2868025864994515,3.588082753010635,2.533598774839518,0.540387214127768,-8.45573880280629,-24.62448027322388,10.895901070037262,101,5,0.06592512037351683,0.1899999999999995,-2.5206477471969855,0,0,0,0.9718853557854765,-1.4348522427539923,0.164362712148439
2016-06-01,0.38,6.84284954787433,3.5026242242400576,2.5235364355074448,-3.648036785705866,2.898753687325195,19.646408125277404,11.08137581080797,102,6,0.01989279690276357,-0.2699999999999996,0.2588130438541896,0,0,0,0.98558231262515,-1.5227208973972959,0.1031881930788795
2016-07-01,0.39,2.9915228923372608,4.0307074978190185,1.717908052319483,-1.031141398809687,2.81708769666964,-12.075571992225688,10.391796098204154,103,7,0.02930352728211782,-0.7300000000000004,1.586126601034291,0,0,0,0.7012794113259355,-0.9614010207772316,0.48460322670230144
2016-08-01,0.4,5.529305303908849,3.677093389498509,2.307949119826258,-0.25945528974506904,-5.715841383994835,39.9183227607832,9.915853770890948,104,8,-0.0625120204766606,0.3000000000000007,-0.8151053822779701,0,0,0,0.9032906180604643,-1.2280080123874733,0.22959874517505852
2016-09-01,0.4,1.8199567781632449,3.4621624660171157,3.2017894796382507,4.8942411724249615,-6.062462181643502,29.584853265260147,9.343057008618771,105,9,-0.00733595608845583,-0.00999999999999978,-0.3239787427371148,0,0,0,1.1492148618296087,-0.6991936534288091,0.6012893000684205
2016-10-01,0.4,1.752235069220287,3.341280164413263,3.2626725273985357,-12.669513306294268,17.185025692665924,-11.77109921420696,8.770921503873375,106,10,0.04434306952819178,-1.8800000000000008,-1.5212657667477814,0,0,0,1.185872054358974,-0.6292843179381731,0.6108314855106295
2016-11-01,0.41,4.888635963869969,3.2539050518720627,3.367254609772097,-0.05041230166895616,-17.185025692665924,-7.594837057186954,8.303314205975276,107,11,-0.04437715577354195,1.8499999999999996,0.9062411156874112,0,0,0,1.2263053181836636,-0.972209599291259,0.2962559051296687
2016-12-01,0.54,5.0931398910054595,3.082801733332196,3.983556397342536,3.7815028912373982,52.32481437645479,14.794228158242984,7.982690419621363,108,12,-0.08887745050230078,-0.2199999999999989,0.6993010910053918,0,0,0,1.4001621022176387,-0.9364286791268233,0.21291150599044936
2017-01-01,0.65,7.891819952730206,3.810806376883136,3.4676366853657816,3.5299385838307273,-9.716374845364784,7.763267233906035,7.586351434702898,109,1,0.03149328759781877,0.2599999999999998,0.8723901837833665,0,0,0,1.145056293233838,-1.223561044021297,-0.11810623788116648
2017-02-01,0.66,5.9469575423846335,3.6283447670837345,3.918942085978827,4.510074190630409,-10.763066419236544,-6.750792850657561,7.742135459609223,110,2,0.01216353942066461,0.6199999999999992,1.1223524289836782,0,0,0,1.2830791413089673,-0.9931374871612096,0.06957030633968242
2017-03-01,0.79,7.922472932587876,3.118516106879898,4.129850791746481,5.479458219457278,2.24728558520586,1.713289973850784,7.6923792524171475,111,3,-0.00610581151954581,-2.1499999999999986,0.0668919573825093,0,0,0,1.427129594933996,-1.209556396363005,-0.19122323024248783
2017-04-01,0.9,2.4197274130721698,3.3012900907807277,3.686410643453897,-0.72364936181728,0,0.981507392584113,6.643705069090267,112,4,0.02949549029773801,3.1799999999999997,-0.9226378108736312,0,0,0,1.2908578428737738,-0.38075383671384155,0.30650345896292636
2017-05-01,0.91,4.445176257083361,2.866096945513163,3.9423265311154583,0.14636826422353902,-6.8992871486951435,-7.115181663224934,6.892996954058006,113,5,0.02785704397387234,-0.92,-1.881625559549164,0,0,0,1.431279264995633,-0.6606088029701318,0.09888968094073403
2017-06-01,1.04,4.288309694200798,3.016406371135271,3.7278747134723567,-1.8513921803805289,11.247798342669023,-9.314016095243629,6.795490276161864,114,6,-0.05261113783930737,0.129999999999999,0.22676561032280773,0,0,0,1.353775554970945,-0.60323146869308,0.05038726095034854
2017-07-01,1.15,3.377526486103388,3.080223643366153,3.446579816285933,-0.504124297776886,-18.658595558041213,12.27042157330276,6.72605305129359,115,7,0.02920395995723079,-2.0700000000000003,1.8453433374216068,0,0,0,1.2770984478294154,-0.45805138147902474,0.0866565595754403
2017-08-01,1.16,3.2929924882181707,3.4146259862391837,3.2594610641130997,-5.667038610441732,18.658595558041213,12.012372843983156,6.352336955938931,116,8,0.06576164078606739,0.4800000000000004,-1.5153162463145229,0,0,0,1.171390600576866,-0.40522080528040777,0.09192925091400228
2017-09-01,1.15,2.950268861075145,4.041356128274298,2.892863654241129,-3.781652252278267,-8.894748601649615,-5.797442284234933,6.487094164821983,117,9,0.03111963280201024,-2.7399999999999993,0.10401421368377228,0,0,0,0.9696160955750852,-0.3785835640601791,0.13031820861174384
2017-10-01,1.15,3.712662296188894,4.27684533699173,2.359877403981336,-12.263810240123972,0,-13.491552096691262,5.579423216621571,118,10,-0.001794865345492,0.3199999999999994,0.2937627574910451,0,0,0,0.8028646429419348,-0.37727123950691877,0.05895529596362154
2017-11-01,1.16,5.459360100466259,5.209588087903594,1.454500576511019,-5.031858177920689,-12.36139559671766,6.081631094326489,4.861950118946723,119,11,0.11386762969068907,2.25,1.049270288707998,0,0,0,0.4197920651038681,-0.5182933999125606,-0.11619378749643282
2017-12-01,1.3,2.759112831521548,5.525298278659107,1.119287562430759,5.2100077932181845,5.129329438755059,4.384000688412293,3.994021263760139,120,12,-0.1208865308827114,1.3000000000000007,-1.217281770946677,0,0,0,0.2835132168650353,-0.055720982656932275,0.08704557085896095
2018-01-01,1.41,3.15025435054066,5.2186597041389495,1.627312159884297,4.019650874204927,-19.237189264745613,-7.604255261877224,2.357380007943454,121,1,0.04751349622321887,1.09,-0.1887703836962018,0,0,0,0.4578525555862745,0.09354439514282609,0.0015341462078699106
2018-02-01,1.42,2.203819086989789,4.7014111203025335,2.099840083960469,2.785695450296632,43.53180712578455,-9.81095845393023,0.227894607813183,122,2,-0.01866433694700386,-4.42,-0.09144079601029986,0,0,0,0.6634861822055635,0.4433244570003338,0.10113520830084244
2018-03-01,1.51,2.12216337362685,4.724225271704885,2.165381851183401,6.106680621453098,-4.0005334613699155,1.047227030344366,-1.52169753221738,123,3,0.01158184844051857,-0.4299999999999997,1.3848540857324565,0,0,0,0.6742913133779977,0.6601005281920668,0.07313131140907986
2018-04-01,1.69,4.146761795027043,4.70923947801456,2.501941660509743,2.902445771400152,-33.647223662121306,-15.392790878503604,-3.991658760885208,124,4,0.03519890858262831,2.379999999999999,-1.027073130657346,0,0,0,0.7545342884557802,0.7075712924949187,-0.20550582241643953
2018-05-01,1.7,-5.740096905001035,5.128838061202678,2.547602331568477,-1.7259616134415618,22.88415724288476,-1.9600486321516009,-7.489995517877901,125,5,0.12302572326145712,-0.8599999999999994,2.8585056421356967,0,1,0,0.6864210146671922,2.3306633280795825,0.7899014631356143
2018-06-01,1.82,-14.498277358283929,5.5129059900831825,2.353499997778385,-8.915854108154608,-22.88415724288476,-6.285116386124212,-12.800580830326954,126,6,0.22030672688695696,0.7799999999999994,1.1851019910426146,0,1,0,0.5698007186875508,4.028931828191172,1.627313991063443
2018-07-01,1.91,-5.643930841986755,5.041962517849541,2.9753315191599397,1.444542518772351,0,5.845506929933375,-16.796738025906244,127,7,0.33887422704664205,0.8200000000000003,1.990726258765676,0,1,0,0.8011098387843323,3.360801623513277,0.7216848024965064
2018-08-01,1.91,-3.4401103427587287,4.833565843658327,2.951685290235683,-12.383127640701908,-18.80522315029396,14.030293969054863,-18.744226450972512,128,8,0.36826782821168735,-1,-0.659596849040156,0,1,0,0.8347159524353243,3.2920462623651368,0.5120802748847435
2018-09-01,1.95,-4.211584721002381,5.008774873220201,2.4585611708675787,-0.781864811779797,15.906469462968763,0.348790339026727,-19.662037603654348,129,9,0.1571717522220144,1.8900000000000008,1.2901886546907662,0,1,0,0.6884304133518828,3.4960637495336644,0.5734331320493495
2018-10-01,2.19,-7.50578452852988,4.977611047482444,2.836468133374126,-7.308522710603782,5.715841383994835,-5.454694881543975,-19.755440655870515,130,10,0.08795864382201968,0.03999999999999915,-0.8590689645601373,0,1,0,0.781217699188287,3.9712706223718612,0.7822605736824251
2018-11-01,2.2,-6.613876455395751,4.301688051469199,3.6020342546241757,2.432398096844679,-28.76820724517808,18.944866987779463,-19.118537775334588,131,11,0.4765539437266946,0,0.4938671426682575,0,1,0,1.084003382866746,3.792656913817943,0.6854708099780251
2018-12-01,2.27,-5.824623007292651,3.80878848197872,3.742482532713963,1.035652650163854,36.77247801253173,-0.346519499227149,-18.97337505072567,132,12,-0.26591844695766476,1.2599999999999998,-1.8978872271145804,0,1,0,1.208670467265825,3.6922613682099654,0.5714962091368814
2019-01-01,2.4,-7.729059270666205,3.249861789575803,3.983765164339559,7.999647482508987,-13.720112151348484,-18.120971641658823,-18.42269956036766,133,1,0.32063992336622205,-0.5099999999999998,1.619458825971833,0,1,0,1.3689086414704645,3.9002926470306556,0.6936018557841264
2019-02-01,2.4,-9.715976482635648,3.302099309309092,4.007480363570615,0.229584869081733,-2.985296314968133,-0.694202697341683,-17.99677531063235,134,2,0.23715939532409092,-1.0199999999999996,5.901099577175636,0,1,0,1.3645774237856552,4.104946678047006,0.8891027136973249
2019-03-01,2.41,-11.502768011863472,4.96463036603938,2.51193566215564,0.252724822555272,0,3.2333774473962675,-17.6104338534806,135,3,0.24403942613847995,1.0500000000000007,1.5968064692360144,0,1,0,0.7089819410996777,4.290720419293923,1.0599283736262841
2019-04-01,2.42,-7.608388307183311,5.613043123034256,1.467898888955421,1.743661988102474,2.985296314968133,-12.526415321966766,-16.868204538432252,136,4,0.1541499970188629,0.08000000000000007,0.7281863643776916,0,1,0,0.34728068359131736,3.722505231714993,0.6640380462453246
2019-05-01,2.39,-3.1588647951725326,5.821077539990327,0.662254076049428,-1.436514670438882,2.898753687325195,17.55868384065593,-14.148625083986133,137,5,0.17243634373161987,0.3099999999999987,2.0163366038649215,0,1,0,0.12294050425772711,2.863866097612216,0.2231087873445528
2019-06-01,2.38,4.555280132852069,5.475927720525409,0.65969516412343,0.05502928482874481,-15.415067982725828,-26.766714127962032,-10.22066773141308,138,6,0.03710706016061094,0.4400000000000013,-0.6745150586410844,0,1,0,0.1870213409191755,1.4684413734061936,-0.558339058865388
2019-07-01,2.4,-0.672204982735724,5.906641964966486,0.131455417991155,-3.291557735031958,9.5310179804325,2.127356231901256,-6.777492921775874,139,7,0.00214603811988522,-2.450000000000001,1.109946009457012,0,1,0,-0.015216716858232412,1.761894972402959,-0.0653182467816571
2019-08-01,2.13,-2.795866442069794,6.108803736176238,-0.28940878156502503,-14.642394788437766,0,6.5752999200618945,-5.376723849627396,140,8,-0.17764439925964393,1.7100000000000009,-1.1516408385767392,0,1,0,-0.14992685714391543,1.8228070205990345,0.27312663206325527
2019-09-01,2.04,-1.248863176713754,5.475070491524558,0.111596775275568,-5.201114285334363,-12.92117314800063,5.723573888819899,-5.186615938245786,141,9,0.20258161966277655,-1.09,0.08773552304069909,0,1,0,0.061076366934252765,1.5886973007510274,0.16306018178694753
2019-10-01,1.83,3.2281869750527816,5.299044561074417,0.29687376846094704,-0.845481736151043,18.80522315029396,5.503254840164029,-4.5597056170088015,142,10,-0.28418389879476713,0.1399999999999988,-1.221350374115005,0,1,0,0.1366859975348291,0.9134880672854533,-0.18091817069419758
2019-11-01,1.55,1.2314394356455869,5.559094737654035,0.0928160452748017,-0.6715134228936209,-12.136085700426724,-11.85235436537937,-4.242353236487695,143,11,-0.14407776703454145,0.4299999999999997,1.6969739083347406,0,1,0,0.04101198021050153,1.0725456676384142,0.15518982092879907
2019-12-01,1.55,0.605136504058556,5.952082003415882,-0.111940310196523,18.635270744935184,-6.669137449867235,3.116376061828329,-3.891383078470412,144,12,-0.0912810914683182,-1.0399999999999991,0.20979643746868248,0,1,0,-0.0797307626618476,1.1138071697604799,0.21575087519747804
2020-01-01,1.55,1.435788835884999,6.220563280951374,-0.666977924182798,0.116783463389591,18.80522315029396,-18.323432253733696,-3.179433181829694,145,1,-0.02921324398275171,0.3699999999999992,-0.2480770047698684,0,0,1,-0.25773737284061216,0.9327720816515725,0.12965222594772924
2020-02-01,1.58,5.006638400257568,6.216915618904295,-0.840690433362656,6.89317330333461,-5.8840500022933275,5.055595393451284,-1.7748667800480789,146,2,-0.0651086173719797,0.6100000000000012,1.3370654842630074,0,0,1,-0.297021415339108,0.3384449268277073,-0.24724997898247553
2020-03-01,0.65,0.502531404028339,4.322959618265631,0.390916357831816,8.35621233433459,0,0.383735075078917,-1.6717604531672587,147,3,0.13839115053414508,-1.9299999999999995,-0.6589218141186919,0,0,1,0.34120899108700325,0.7006435658471869,0.6621593673130111
2020-04-01,0.05,-10.321074772133354,3.192480555463817,0.7865945604573981,3.114682443261607,2.985296314968133,-6.376458464406287,-3.046600037367142,148,4,0.3089348323469565,1.629999999999999,0.8367665396573969,0,0,1,0.6440601369998129,2.086554294313928,2.0433344297516576
2020-05-01,0.05,-7.882005721343166,2.8909517949848857,0.966553764146027,-3.2866145724408815,0,-16.095544958579033,-4.438273685044258,149,5,0.2269556319909758,0.3100000000000005,-0.7147135060482555,0,0,1,0.7419613118658136,1.92853254449807,1.8076079343855058
2020-06-01,0.08,-4.286905935043528,3.557371322002645,0.739323006351533,-2.740295752977939,-9.237332013101527,0.7780941379003531,-4.864031705522897,150,6,0.04290006206759944,-0.8000000000000007,-0.4448353221029464,0,0,1,0.5648155910145133,1.527500438634602,1.4372757531582039
2020-07-01,0.09,-1.707277213738933,3.388547320103097,1.499446021041617,-4.645685308605252,14.953173397096364,8.358418223444453,-4.633738793380004,151,7,0.16088318158230486,-1.5700000000000005,0.07710959359481961,0,0,1,0.7713354621323831,1.1798586057489817,1.1746442477692698
2020-08-01,0.1,-3.658431812458129,2.832560566485398,2.410868162361446,1.7751039930383068,5.406722127027585,11.59696704258888,-3.770557190808077,152,8,-0.14080449624194813,1.4400000000000013,-0.928701943112209,0,0,1,1.08520740338759,1.3351879367159984,1.3594752442181277
2020-09-01,0.09,0.9734684469977488,2.768028066268879,2.3061337122816097,-13.73305006055583,-14.107859825990554,2.893186153588534,-2.790395622870889,153,9,-0.07480237032597037,-0.8300000000000001,-2.7851060194974195,0,0,1,1.07320151304608,0.6443455630249244,0.8990093902257816
2020-10-01,0.09,-0.04047490611105431,2.652308729669617,1.953921722421725,-1.58726531412201,-9.5310179804325,-11.843206156766328,-1.7618658936703109,154,10,-0.2966715307489549,-0.16999999999999993,-2.033176477945183,0,0,1,1.0138471001680616,0.6617624880697985,0.9947948615799223
2020-11-01,0.09,-6.725055541268432,2.610689025313739,1.692616989291107,-11.639180021385886,0,-0.48926810898288703,-2.05682183645024,155,11,0.5681784990530487,0.03999999999999915,-0.57412234222884,0,0,1,0.9615246772904421,1.5356414472604685,1.6609968739442524
2020-12-01,0.09,-1.44398153029801,2.885854622489603,1.5742523462231262,22.532587536255026,0,0.846092751634675,-0.526675933400255,156,12,-0.20296345518412107,-0.2400000000000002,-0.17072433132866394,0,0,1,0.8827346584741285,0.7060934668796082,1.1283067264199995
2021-01-01,0.09,0.700629573414346,3.1314706978189832,1.347878604182017,2.7906606352050107,15.415067982725828,-0.515057966575316,0.361425534375925,157,1,0.06828916153420117,-0.4399999999999995,-1.510835921223986,0,0,1,0.7846306777503448,0.3406066080167161,0.9106757718770113
2021-02-01,0.08,1.5967862952689589,3.703191804755422,0.80388513298395,8.755727585776274,5.556985115481094,7.626463296689501,0.374595450017523,158,2,-0.25791862016120426,1.67,0.8843080025922347,0,0,1,0.5523480361499429,0.22419207073533526,0.8264597097039994
2021-03-01,0.07,8.06073604271047,4.028462639213881,1.237091109084787,3.306545584101528,-2.739897418811454,-3.2615462692332287,1.74686003009139,159,3,-0.2859380243179479,-1.9600000000000009,0.20251360937365348,0,0,1,0.5910744390442912,-0.7395464343713858,0.18187981635616318
2021-04-01,0.07,15.826668189636184,4.3073487664559975,2.4053133982578236,2.0693191725098528,0,-8.74908438316968,4.733460589580396,160,4,0.3737240953833725,0.7100000000000009,1.6650093711487557,0,0,1,0.8076031556660989,-2.038422231646433,-0.6050664570256997
2021-05-01,0.06,17.30433310212769,3.897877707095532,3.252468591437996,6.841710841762705,-2.81708769666964,-45.120439536604366,7.062010085529913,161,5,-0.01356429374837597,-1.4900000000000002,1.2799157756177522,0,0,1,1.0792364975593873,-2.476490507825259,-0.7584729990221258
2021-06-01,0.08,17.74727988214959,3.865054439892912,3.364666293945094,-1.7338012726961332,5.556985115481094,-5.0265328273384915,8.461031974013622,162,6,-0.7465834006315331,0.5199999999999996,0.2803204792977567,0,0,1,1.1112007510187782,-2.6782051233719377,-0.8193229165379923
2021-07-01,0.1,11.07405153522638,4.033524982349767,2.7893522922482807,-7.033839962783883,17.327172127403667,-1.026752095545724,8.992803279975625,163,7,-0.1832434718556737,0.13000000000000078,1.3734979529635396,0,0,1,0.9472676650158554,-1.8902674905854233,-0.1682421721672046
2021-08-01,0.09,11.27498081849172,4.86013188362433,1.7640332594911707,8.153219239848486,-25.78291093020996,10.72068839932161,8.662844795396474,164,8,0.16413232075707995,-0.8399999999999999,-0.35040365984625055,0,0,1,0.5564853039410883,-1.8822758913455486,-0.18163689459540822
2021-09-01,0.08,7.7853700836847395,5.6923403744114855,1.281490328358003,-12.78962626139588,-9.237332013101527,22.49530386891543,8.170811097561348,165,9,0.08455256291478408,1.0199999999999996,0.6842736148574389,0,0,1,0.2895344383895574,-1.3919004532469463,0.17277305003898558
2021-10-01,0.08,8.884268385201999,6.214308039694938,1.755931838559821,-2.284326593924568,14.953173397096364,5.770349023585819,7.622433282280205,166,10,0.02766074601440848,0.00999999999999978,-0.365358010901268,0,0,1,0.3008938076859633,-1.4715303874761099,0.06618299093248059
2021-11-01,0.08,13.104389316461074,6.855553415888327,1.754113691864045,13.278162346342803,15.41506798272584,-20.17186105685251,8.04547222303249,167,11,-0.15182849209286386,0.08999999999999986,-0.4440275404339502,0,0,1,0.18032745342641088,-2.0486350707946333,-0.35556694445164405
2021-12-01,0.08,7.375295229918777,6.961645869244215,1.938098059742721,10.758623513837051,17.435338714477776,7.23807762136266,6.263666729974204,168,12,-0.3091972147054589,-0.27999999999999936,0.17576012074025016,0,0,1,0.20278008479342222,-1.1356407813441551,0.22291191801965193
2022-01-01,0.08,5.659244963008625,7.401571752492941,1.8894194549917032,12.272836679856614,-27.443684570176032,-17.346420082367864,5.735286739046152,169,1,0.00677245801915971,0.3100000000000005,0.19492875821291733,0,0,0,0.10915272373693519,-0.862740909347379,0.39615902856217744
2022-02-01,0.08,3.073504539443838,7.468322480136536,2.238695732271178,5.33737204693212,2.597548640326064,14.017793863241046,5.242259127814464,170,2,-0.00838873518079808,-0.5800000000000001,-1.8492114126059815,0,0,0,0.1770067798893742,-0.4840551528975502,0.655719845377204
2022-03-01,0.2,4.88118752170994,8.380520960040005,1.9174561744364376,-1.912979068622267,-2.597548640326064,-4.337888265435019,5.332294393886272,171,3,-0.19792794693687157,-0.3600000000000012,-0.1839168751492224,0,0,0,-0.0678191279057565,-0.6964126488247406,0.4158983352010089
2022-04-01,0.33,5.082811729779202,9.482724083056128,0.544861500517246,-2.821019364286936,10.008345855698252,1.535824094268711,4.633276268183728,172,4,-0.15641955407064412,0.3600000000000012,-1.8217600449087856,0,0,0,-0.5901396644365726,-0.619676133003231,0.3346971366961413
2022-05-01,0.77,3.9777452158626048,10.08278108188252,0.234763087506095,6.421620653677351,-12.675170563914383,-13.282929331884308,3.8960273295749905,173,5,0.04567908257191711,-0.08000000000000007,-1.675884693684388,0,0,0,-0.773917312535098,-0.3094510662128115,0.2296286739697591
2022-06-01,1.21,4.01574582792179,9.865836618125634,0.8349467188561549,4.907456479703054,7.79615414697119,-39.235656731498295,4.10792624527776,174,6,-0.2219173877632228,0.6699999999999999,0.2721616191849918,0,0,0,-0.5951798631215516,-0.24507014577805758,0.006229211172934096
2022-07-01,1.68,2.7613761305618207,10.846618396164498,-0.55891247992319,-5.192302855361674,0,2.8840275110452387,3.516580640202527,175,7,-0.0485172430959806,-0.4299999999999997,-0.06893536384583854,0,0,0,-1.0996425888842924,0.0745806516030348,-0.0996108410404118
2022-08-01,2.33,4.434362253770452,11.46507235255454,-1.481508578514123,1.664308470576436,-7.79615414697119,0.29032278456613203,3.587056656872889,176,8,0.09662447945922592,-0.5400000000000009,-0.8294850807938587,0,0,0,-1.4277896905618346,-0.008008719466210429,-0.5892316311729059
2022-09-01,2.56,2.576580077157775,10.902252732803763,-1.054681430946846,-0.135688405424705,5.264373348542195,4.626375650425896,3.420805681997585,177,9,-0.14067139142045093,0.33000000000000007,0.3939368360240323,0,0,0,-1.2241323294491382,0.29194003640016303,-0.5179249245165674
2022-10-01,3.08,1.695630256177249,11.47784105563714,-2.183808134299969,-6.679470863939585,0,0.353058928411353,3.122535767263201,178,10,-0.13601051252308527,0.33999999999999986,-2.130818317046881,0,0,0,-1.5917660655473447,0.5435442117420518,-0.6871769451659187
2022-11-01,3.78,2.651794120942785,10.773225636759776,-2.018990313823554,-12.718741485749783,-5.264373348542195,9.967475312572915,2.393504782416577,179,11,-0.13677908823539142,0.05000000000000071,-0.3651651210933977,0,0,0,-1.421823573607011,0.6474837384624844,-1.1264280852416306
2022-12-01,4.1,1.469669659004502,10.970701323424148,-2.851852167730673,5.620108140663049,10.265415406008328,-6.948833797877985,1.729222442597233,180,12,-0.14777559332463186,-0.34999999999999964,0.4948307176060496,0,0,0,-1.6504474510987688,0.9345264800463859,-1.1645785981379038
2023-01-01,4.33,3.6432494593397817,10.36567398342525,-2.413486300546985,2.620005612242426,19.84509387238383,20.33837420130125,0.8203457945498369,181,1,0.01309919047991181,1.0399999999999991,-0.3756642968764652,0,0,0,-1.4362269582702119,0.8062018492645767,-1.4905304596928017
2023-02-01,4.57,3.045009463969794,10.528766862314852,-2.986932561092281,1.836151170772382,-17.435338714477776,18.710205665477808,0.769771095428417,182,2,-0.08412052549570492,-2,-1.0891564777015148,0,0,0,-1.5987227222688292,0.9371313809002579,-1.5500155302004381
2023-03-01,4.65,2.517512675562461,9.880481071522151,-3.3032876660612045,1.408545869804989,2.353049741019408,-24.336884564563466,0.738350663706732,183,3,-0.1222662465416644,-0.3799999999999999,-1.968774143439532,0,0,0,-1.5500420154254462,1.023674271663262,-1.537145849874584
2023-04-01,4.83,1.625739851439966,9.109713361697125,-2.64284054743662,2.872253589785955,20.909179785855947,-7.37526411986833,0.435830631633038,184,4,-0.03301442489410022,1.0799999999999992,-0.09642663364240887,0,0,0,-1.2536711995073642,1.2060839315600398,-1.5363974866539112
2023-05-01,5.06,5.308923223322281,9.046535527999476,-3.477893302880908,3.5980670406384965,-23.262229526875355,3.1550074003175332,0.446823926477257,185,5,-0.03013399299481589,1.120000000000001,0.6071427495804613,0,0,0,-1.4339613628801005,0.7888734858241749,-2.016987251949572
2023-06-01,5.08,2.656287462690976,9.414853417759783,-4.938936019152784,-4.00761045469773,23.262229526875355,-13.43349282242059,0.01277920508755414,186,6,-0.05838955561612891,1.0199999999999996,-0.08136022855448033,0,0,0,-1.8391262183649697,1.1738376872129643,-1.7609988827340382
2023-07-01,5.12,5.070447232222896,7.854673695402337,-3.336553241601692,-4.309073840357325,-7.847161544149528,4.124450515819422,0.02735395074893176,187,7,-0.02682087778354813,-1.4800000000000004,0.354513121119048,0,0,0,-1.1781268370838733,0.8764518542321682,-2.021019839105282
2023-08-01,5.33,6.065332981304916,7.191967697172519,-2.236323813855278,-0.975212625582422,5.942342047080085,9.696510224053778,-0.03547760974065284,188,8,0.00639288211813715,0.5400000000000009,0.4278554801609218,0,0,0,-0.8008187869494376,0.8017012269726485,-2.223971479007499
2023-09-01,5.33,6.371738848648967,6.927512327913377,-2.0322925745300138,-6.776864201245658,3.774032798284699,0.571772051691343,0.347143498278335,189,9,0.00654002854698609,-1.7200000000000006,-1.1191896386686937,0,0,0,-0.70432547651888755,0.7220488122603257,-2.2563198742312274
2023-10-01,5.33,5.88127519683308,5.83066459565611,-1.414944591255729,-8.034490464782262,-9.716374845364784,5.343896215556043,0.05263675371800502,190,10,-0.00249494346185641,-0.2400000000000002,0.7996664228932246,0,0,0,-0.35677429810428296,0.8154393708852372,-2.2061000606451935
2023-11-01,5.33,4.2915697219125795,5.493877535106417,-1.297942462959778,-4.899571028805472,0,-0.706360151874996,0.347495483674364,191,11,0.2251531233391333,1.34,0.5138831739786198,0,0,0,-0.2667519534727148,0.9841061403782986,-2.0494571572312204
2023-12-01,5.33,5.056634247586711,5.452283394859858,-1.193932660230068,1.305559208022533,0,40.757259044772894,1.082854006634903,192,12,0.349970383091875,2.8200000000000003,1.3859091441352902,0,0,0,-0.23502818909377637,0.8088237279123467,-2.12914823203487
2024-01-01,5.33,6.326465653879509,5.628604180521179,-1.570153500863114,13.518270093738316,34.228620648663274,-29.243721991577676,1.366173719506136,193,1,-0.14444587395679642,0.2000000000000011,-1.013627936041139,0,0,0,-0.354625117108648,0.618435267258321,-2.2568181347815184
2024-02-01,5.33,8.528407893836576,4.813430194602119,-0.84734433145801,3.485535432909348,-32.208349916911324,-18.430909019735164,1.6392505404068551,194,2,-0.02591327555545608,-0.6100000000000012,-1.1543393901694117,0,0,0,-0.035585883521147166,0.31170244962543747,-2.4771324439230744
2024-03-01,5.33,2.32575574370033,5.29606304331871,-1.1791265193050289,3.7558229443537696,-2.020270731751949,23.189516030197854,0.253516900357553,195,3,-0.02889293375317714,-2.33,-1.8419875272561088,0,0,0,-0.20235112246875447,1.2418744999666067,-1.8535037084655095
2024-04-01,5.33,7.742651169294224,5.289702618226233,-1.338657949603394,-1.52369242546273,7.847161544149528,-2.032126434688219,2.259274670115374,196,4,-0.02450280520689074,1.2700000000000014,0.3177277255944375,0,0,0,-0.23786412379794733,0.34419152745545456,-2.402034630473339
2024-05-01,5.33,3.76774020529389,5.304712529280309,-1.505344071906655,1.370833942626603,-5.826890812397578,0.6128945528995889,1.72540416757112,197,5,0.04082054976132987,0.7799999999999994,0.01196049776589092,0,0,0,-0.2790273547108941,0.9022900926312353,-2.0041259759291234
2024-06-01,5.33,1.21625537926997,4.705279537981965,-1.219123921267417,1.140783532818456,3.922071315328135,11.675201394392154,1.089693151582871,198,6,-0.02815281753697718,0.4599999999999991,-1.122740641413568,0,0,0,-0.1008604968090768,1.2919662996459922,-1.7472715766296556
2024-07-01,5.33,2.376741683733563,5.0985949691302315,-1.715728361857849,-2.289573026981717,5.608946665104353,-3.065940768557773,1.9811357375230536,199,7,0.0743259715733855,-0.5799999999999983,1.7099695598336844,0,0,0,-0.28881266199553796,1.050117798873864,-1.8670516775340882
2024-08-01,5.33,-0.322042948983636,4.426857762900305,-1.453037048115923,-0.81311787563818,3.5718082602079093,-14.670358932436134,1.90312051706698,200,8,0.02201010747127063,0.14999999999999858,-0.14799250169055256,0,0,0,-0.10251187775578152,1.3985257773515407,-1.598285582392175
2024-09-01,5.13,0.44165992413676103,3.790415651851742,-1.050537249553951,-1.7203823027823968,6.782259633876119,7.40500061797329,1.1159036378417748,201,9,0.03405116640982797,0.1100000000000012,-0.6014155547220597,0,0,0,0.10934269043033867,1.344978234135851,-1.5710149575967591
2024-10-01,4.83,2.9548244982164458,3.541774838933165,-0.715051567842195,-13.96720088465564,-1.65293019512106,-8.958860960751203,1.9982123285846136,202,10,-0.08994239138378046,-1,0.4299389987719664,0,0,0,0.23311770476517166,0.8710166520079958,-1.6762363885894127
2024-11-01,4.64,2.355658323255038,3.646477712978323,-0.697320477055107,4.966464192742581,-8.701137698962969,-15.98973696563215,1.313447544963963,203,11,-0.03772512411231044,-0.28000000000000114,-0.7569897785912616,0,0,0,0.21757941214043922,0.9802844970118497,-1.5189044103021783
2024-12-01,4.48,4.687472925530045,2.797157196187338,0.365288656082274,26.948567979540172,-7.550755250814523,7.772318756139285,1.312080342902177,204,12,-0.16985431323034628,0.7200000000000006,0.05589024935858333,0,0,0,0.6211971946208084,0.6532110917137407,-1.6713034047505528
2025-01-01,4.33,1.549322937299368,2.693371238974684,0.61613339050659,14.226930161315732,-4.0005334613699155,-39.14389206191005,1.450885728619866,205,1,0.03407999382057736,-0.04000000000000092,-0.20749640316739004,0,0,0,0.698357178706031,1.0023883116167058,-1.2853920292399121
2025-02-01,4.33,0.318370214792551,3.394759113150325,-0.459253818109672,5.153294966854283,-8.515780834030684,63.35501077753701,1.19715307287489,206,2,-0.01613004106509374,-1.6999999999999993,0.5426509959188976,0,0,0,0.31951709021258695,1.184704183217139,-1.1617336421207014
2025-03-01,4.33,5.791983353055219,2.113753140302332,0.432087841144746,1.219990876791321,0,15.234290590920365,2.862772383314293,207,3,-0.08902941060548875,-1.5700000000000005,0.7254355415486629,0,0,0,0.764613414225731,0.3163637574510683,-1.7142358140873009
2025-04-01,4.33,4.571043204525882,1.713455084308179,0.7323976400355641,1.116370546477707,2.197890671877533,17.20588387073434,1.333309869188603,208,4,0.06310415011431969,1.09,1.8153965722062253,0,0,0,0.9087107374303084,0.6342737042651537,-1.5853129852619736
2025-05-01,4.33,2.419233849360313,1.284142215880646,1.224812748973658,-1.012078375119962,19.671029424605425,-6.782768706180864,2.0449633492525257,209,5,-0.0132092109491142,0.5,-1.1592483086781016,0,0,0,1.1024437494505834,0.8290516661434658,-1.3748163735282495
2025-06-01,4.33,6.275916123749337,0.8863916213573291,1.995736011671844,-0.15107916542707,-9.35260580108236,11.078016348532492,2.263389383466574,210,6,-0.34818250175433696,-0.7299999999999988,0.4538419286136488,0,0,0,1.3543417472011967,0.3196892901405947,-1.759419738943649
2025-07-01,4.33,5.82391588742448,0.639756516367651,2.330713527843553,-2.589117787758255,11.122563511022433,0.43684845674283296,1.5917214440422711,211,7,0.02918930898449412,0.27999999999999936,0.29165030110252843,0,0,0,1.4776240407303116,0.44869404590626694,-1.7111741841749848
2025-08-01,4.33,5.7906938417866085,1.392847069658742,1.750407400137987,2.617912374574871,-21.440987134545495,-8.917117104316397,1.4233510813362211,212,8,0.01627016485306254,0.22000000000000064,-0.3061365242037297,0,0,0,1.2030040449934276,0.47094208049989317,-1.7070441729313397
2025-09-01,4.22,7.820865243123354,2.45046543673002,0.7170492146834729,-10.38142255462482,17.86917887433759,0.400106222052443,2.0555593038340088,213,9,0.03651817896236187,-0.28000000000000114,-0.9551739895429208,0,0,0,0.7670881897936583,0.12435041653633716,-1.857393701814533
2025-10-01,4.09,5.72294108071727,2.62231185781987,0.566889673898973,-26.495875592968332,-11.551288712184435,1.7698255328042471,1.385061470809212,214,10,-0.06747102649787218,0.5700000000000003,1.0379769477371852,0,0,0,0.7003414267295331,0.43345868194029646,-1.5808927369943393
2025-11-01,3.88,6.971205041278683,2.8470310876991247,0.102578458195079,9.622278061429236,5.942342047080085,12.72291919909616,1.370690858946055,215,11,0.06093252933964055,-0.5199999999999996,0.4525293266979275,0,0,0,0.5514085504189736,0.2338611218965937,-1.6006344642207642
2025-12-01,3.72,4.588163668383593,2.664709608732352,0.140141098285084,31.216947146367247,-3.922071315328135,16.431292643977358,0.970508724748775,216,12,-0.03910085968797583,0.1399999999999988,-0.20315385275066689,0,0,0,0.5942118779755968,0.5436288726356591,-1.2822029851007657
2026-01-01,3.64,6.646513527235065,2.978499604573326,-0.681704092120671,7.767180735278956,-8.3381608939051,49.94690067623048,0.75081029338424,217,1,0.03027887391707184,-0.15999999999999837,-0.4076735624890446,0,0,0,0.34632926686965393,0.29114218649141105,-1.4460775706878595
2026-02-01,3.64,5.885866351250346,2.817705802854142,-0.1127925676494,-1.320895493758822,-9.097177820572677,26.650155825576594,-0.160131285312026,218,2,0.01121878116468666,0.5999999999999996,0.7935166364745285,0,0,0,0.5073509156011079,0.4847039336329189,-1.365964177450614
2026-03-01,3.64,5.178675878239947,3.484061663152538,0.04685377024289394,-3.5989357803587465,-10.008345855698252,-4.859351529692635,-0.7445516313984151,219,3,0.08461466718319488,-0.47000000000000064,-0.7932310989745162,0,0,0,0.419229179757513,0.6365022934464989,-1.2927691150090197
