fecha,tasa_interes_activo,ratio_morosidad_prop,ratio_liquidez_prop,d_ln_imae,d_ln_ipc,tiempo,mes,tasa_interes_activo_real,crisis_2008,crisis_2018,crisis_covid
2008-04-01,0.1272,0.03046422508709062,0.3260101894195648,0.1398623490221622,0.17690974456759534,1,4,-0.04970974456759533,1,0,0
2008-05-01,0.1257,0.031016818637610875,0.3167479584991262,0.02896593661836899,0.1967618386008416,2,5,-0.07106183860084159,1,0,0
2008-06-01,0.1252,0.030230005898613535,0.30646078068907756,0.05054609087169659,0.20774652230586632,3,6,-0.08254652230586632,1,0,0
2008-07-01,0.1288,0.02957957498832501,0.2927366633775923,0.03202550867018505,0.21214116956455076,4,7,-0.08334116956455076,1,0,0
2008-08-01,0.13699999999999998,0.0319408836332729,0.2906393920807916,0.022128087705219446,0.21443632234828056,5,8,-0.07743632234828057,1,0,0
2008-09-01,0.1266,0.032798333575943535,0.29549678174884675,0.06154275865946435,0.20531883992825065,6,9,-0.07871883992825066,1,0,0
2008-10-01,0.1298,0.03151617211722165,0.2940718576864101,-0.0030576813260028094,0.18470770308581663,7,10,-0.054907703085816634,1,0,0
2008-11-01,0.13720000000000002,0.030462488796356088,0.29355062794290704,-0.07250092295911426,0.1434392550938801,8,11,-0.006239255093880097,1,0,0
2008-12-01,0.1358,0.031249360664156643,0.30435358178266453,-0.00842393996762425,0.12907805583197174,9,12,0.0067219441680282654,1,0,0
2009-01-01,0.13720000000000002,0.02975604210110347,0.3245576623328584,-0.06009201356523608,0.11739376250039602,10,1,0.019806237499604,1,0,0
2009-02-01,0.1485,0.026829444698800883,0.3326283114658398,-0.05146899940438043,0.10235206207077584,11,2,0.046147937929224156,1,0,0
2009-03-01,0.1447,0.028772313941863706,0.32382825782317876,-0.04793562443504218,0.08119506601984039,12,3,0.0635049339801596,1,0,0
2009-04-01,0.1436,0.027783739479863016,0.3277983750130813,-0.11324106592553916,0.0665419961873388,13,4,0.0770580038126612,1,0,0
2009-05-01,0.1399,0.030275603901593565,0.3285484237864685,-0.03246856716957058,0.04012310180978318,14,5,0.09977689819021682,1,0,0
2009-06-01,0.1414,0.030041753572508018,0.3500565019252516,-0.04499620076839061,0.01938980929145195,15,6,0.12201019070854804,1,0,0
2009-07-01,0.1398,0.030361913227221732,0.35643844203092184,-0.02589715495521805,7.640003427615838e-4,16,7,0.13903599965723842,1,0,0
2009-08-01,0.13390000000000002,0.03251586831008182,0.3753686539980332,-0.02466962434885644,-0.00121747085499279,17,8,0.13511747085499282,1,0,0
2009-09-01,0.142,0.03597839947203343,0.37750970134288186,-0.03997614716313347,7.588117012424789e-5,18,9,0.14192411882987574,1,0,0
2009-10-01,0.1373,0.03882305918549997,0.37212416471807297,-0.04459518920203109,0.0042414666328483,19,10,0.1330585333671517,1,0,0
2009-11-01,0.1344,0.03844821807651143,0.3848710088437872,0.05687844355804206,0.00461545101101634,20,11,0.12978454898898364,1,0,0
2009-12-01,0.1427,0.03413428737533024,0.4103194504629776,0.0168606938487299,0.0093066158047117,21,12,0.1333933841952883,1,0,0
2010-01-01,0.1396,0.03399262791361032,0.4184283676760333,0.02251732048204058,0.01836709517615364,22,1,0.12123290482384635,1,0,0
2010-02-01,0.1394,0.03324784701014622,0.4217423157804766,0.02479301923737598,0.02704982179792736,23,2,0.11235017820207263,1,0,0
2010-03-01,0.1373,0.03244561665308121,0.4134586944682159,0.06225613091161719,0.04331868535246563,24,3,0.09398131464753437,1,0,0
2010-04-01,0.1391,0.03503146115733343,0.4178000429626854,0.024635269066496147,0.04735227128554786,25,4,0.09174772871445214,1,0,0
2010-05-01,0.1298,0.03735414127455901,0.4249717828397515,0.029434500575050915,0.04570867617258223,26,5,0.08409132382741777,1,0,0
2010-06-01,0.1699,0.03709741710996838,0.4163451400099345,0.04786963278670431,0.04525995004833394,27,6,0.12464004995166605,1,0,0
2010-07-01,0.1274,0.03633142046376753,0.41701369520022635,0.04488918397865049,0.06016629165792686,28,7,0.06723370834207315,1,0,0
2010-08-01,0.1305,0.027406324196700207,0.38103684220146283,0.04208039185002654,0.05199732547010871,29,8,0.07850267452989129,1,0,0
2010-09-01,0.1343,0.025229049110426845,0.3864871328290203,0.05351866200820332,0.05283243860893716,30,9,0.08146756139106284,1,0,0
2010-10-01,0.1323,0.023890223711913978,0.3779120154870154,0.06535082454723451,0.07011586450694907,31,10,0.062184135493050935,1,0,0
2010-11-01,0.11710000000000001,0.02211800045445794,0.3784312586395263,0.06417228784287143,0.08422069215409955,32,11,0.03287930784590046,1,0,0
2010-12-01,0.1016,0.031261902848049264,0.36845665644684766,0.03498231829374632,0.08824699428114524,33,12,0.013353005718854755,1,0,0
2011-01-01,0.1117,0.03409721262737869,0.38007428693281275,0.05244783539958053,0.07712954034720543,34,1,0.034570459652794566,0,0,0
2011-02-01,0.11019999999999999,0.03414858123084692,0.4014192902927376,0.03247695692139896,0.06977676256623777,35,2,0.04042323743376222,0,0,0
2011-03-01,0.1115,0.03290325887226382,0.3717832256739364,0.079260132962931,0.06523363289454753,36,3,0.04626636710545247,0,0,0
2011-04-01,0.094,0.03244010268823818,0.3808433508755146,0.05849280676468016,0.06869803522768958,37,4,0.02530196477231042,0,0,0
2011-05-01,0.0999,0.03250388813602871,0.3758186855280453,0.08918060017786633,0.07964649236160692,38,5,0.02025350763839308,0,0,0
2011-06-01,0.09789999999999999,0.031067915725150268,0.3937331869675473,0.07530390348727067,0.08633408323596292,39,6,0.011565916764037065,0,0,0
2011-07-01,0.1008,0.03066245238497484,0.39116605468977494,0.08019467883895182,0.08111527170172206,40,7,0.019684728298277943,0,0,0
2011-08-01,0.098,0.029471033914688003,0.3709898414491124,0.06861928523540062,0.09257951073901882,41,8,0.005420489260981182,0,0,0
2011-09-01,0.1209,0.028463828149552405,0.35794645215318643,0.05996595324404463,0.09069323321030254,42,9,0.030206766789697456,0,0,0
2011-10-01,0.0969,0.027482853173077405,0.34282873486694304,0.03281327869370276,0.07373545955194505,43,10,0.02316454044805495,0,0,0
2011-11-01,0.0909,0.026722543890290294,0.33087610020631225,0.0764966985065394,0.07091086072875008,44,11,0.019989139271249914,0,0,0
2011-12-01,0.1319,0.02371332815858147,0.3408382805892865,0.028193188185894325,0.07656257675127254,45,12,0.05533742324872745,0,0,0
2012-01-01,0.10189999999999999,0.023129573019919136,0.3464066856300325,0.12747970218701177,0.0792881711197646,46,1,0.022611828880235385,0,0,0
2012-02-01,0.10310000000000001,0.022587115698593962,0.3338817468491825,0.10255932688254354,0.08437391726102028,47,2,0.01872608273897973,0,0,0
2012-03-01,0.1056,0.021143681736645187,0.3514398574675557,0.03134086463981145,0.08197452913327563,48,3,0.02362547086672437,0,0,0
2012-04-01,0.12369999999999999,0.021239032803684728,0.3236346198403858,0.05606039173781685,0.08600134713892071,49,4,0.037698652861079276,0,0,0
2012-05-01,0.1401,0.020620625733656507,0.31729721705270053,0.064891149936261,0.07252313644617825,50,5,0.06757686355382175,0,0,0
2012-06-01,0.1259,0.02094295383992176,0.31642893751072904,0.01550286585388605,0.0626735945280581,51,6,0.06322640547194192,0,0,0
2012-07-01,0.1264,0.020701522751603845,0.30790162833531826,0.03229609861037108,0.06177460956618486,52,7,0.06462539043381516,0,0,0
2012-08-01,0.14,0.020439910520809353,0.2997843779301048,0.0437471753857217,0.05791951014804919,53,8,0.08208048985195082,0,0,0
2012-09-01,0.12789999999999999,0.01962116838215357,0.28974158251211846,0.03516463269848646,0.06211990153262725,54,9,0.06578009846737273,0,0,0
2012-10-01,0.111,0.02102526561134217,0.3100140114921696,0.10328253794394904,0.06272463066514788,55,10,0.04827536933485212,0,0,0
2012-11-01,0.113,0.019539934691519628,0.3098496202385503,0.03815261654355684,0.05978012677044919,56,11,0.05321987322955081,0,0,0
2012-12-01,0.1207,0.018239937782647448,0.27936056414132804,0.102975978828324,0.06407136854386586,57,12,0.05662863145613414,0,0,0
2013-01-01,0.1525,0.01771876478773907,0.3079043591912906,0.0266457196934633,0.07458626561181436,58,1,0.07791373438818563,0,0,0
2013-02-01,0.15,0.017142516339967533,0.3090432401567684,0.04632160640938032,0.06843397397126338,59,2,0.08156602602873661,0,0,0
2013-03-01,0.1673,0.017496584126581317,0.28640577724232885,0.03096068347810021,0.06576164778956439,60,3,0.10153835221043561,0,0,0
2013-04-01,0.1424,0.014762469589931779,0.29580770419852503,0.11971799785704018,0.06147539824684056,61,4,0.08092460175315944,0,0,0
2013-05-01,0.1462,0.015043336017739788,0.3028915012899307,0.04634778372420012,0.07446387254096187,62,5,0.07173612745903812,0,0,0
2013-06-01,0.1307,0.015247413663867311,0.30400147077486533,0.0392012074917627,0.07956182283618585,63,6,0.051138177163814164,0,0,0
2013-07-01,0.15310000000000001,0.015012259964559318,0.3133979452898491,0.06140549982474841,0.07376060921385363,64,7,0.07933939078614638,0,0,0
2013-08-01,0.151,0.014943383755586015,0.29598760907676214,0.05039642971763047,0.07641046976045462,65,8,0.07458953023954537,0,0,0
2013-09-01,0.1585,0.015422807958333229,0.2921932208547389,0.06762347722982032,0.07093481140339541,66,9,0.08756518859660459,0,0,0
2013-10-01,0.16699999999999998,0.00971956712393114,0.2918980993081493,0.0309303006913586,0.06606652263269819,67,10,0.1009334773673018,0,0,0
2013-11-01,0.145,0.0094706590687108,0.29439593986531976,0.02584396518349674,0.06105792298721901,68,11,0.08394207701278097,0,0,0
2013-12-01,0.13470000000000001,0.009490198494012291,0.30026435449622446,0.03781077284216216,0.05517958070539386,69,12,0.07952041929460615,0,0,0
2014-01-01,0.152,0.009023142939589416,0.30478520669741743,0.02706100244548004,0.05061815089391786,70,1,0.10138184910608214,0,0,0
2014-02-01,0.138,0.008801661985876662,0.30153192727386796,0.05870509230541998,0.05121678937202123,71,2,0.08678321062797878,0,0,0
2014-03-01,0.149,0.008906131246536867,0.3325064548680349,0.07621911709631135,0.04975238047379804,72,3,0.09924761952620195,0,0,0
2014-04-01,0.15539999999999998,0.009543675651365869,0.3123406206948232,0.01658879981512484,0.04783309850399853,73,4,0.10756690149600145,0,0,0
2014-05-01,0.1355,0.010143223034057337,0.2940396153081524,0.04717404573331674,0.04731871254036424,74,5,0.08818128745963577,0,0,0
2014-06-01,0.1452,0.010489311497998229,0.31200673921568256,0.05564014004216666,0.05878607677330816,75,6,0.08641392322669184,0,0,0
2014-07-01,0.131,0.010678357383941663,0.31073574368472906,0.03692182002891986,0.06706861248615592,76,7,0.06393138751384408,0,0,0
2014-08-01,0.136,0.010710028908958282,0.31313556526190184,0.02149966961498162,0.06511802368146391,77,8,0.0708819763185361,0,0,0
2014-09-01,0.12869999999999998,0.010715241767328267,0.3032655649869602,0.04760945903712255,0.0629440004785966,78,9,0.06575599952140337,0,0,0
2014-10-01,0.10980000000000001,0.011276738933062391,0.31815307845618224,0.05571742670700619,0.06467158283344077,79,10,0.04512841716655924,0,0,0
2014-11-01,0.12240000000000001,0.010783151977669872,0.3111523670206573,0.05352132149412636,0.07390336689792676,80,11,0.04849663310207325,0,0,0
2014-12-01,0.1223,0.010542465426085603,0.32226436560917143,0.06334224218558582,0.06278315485263786,81,12,0.05951684514736215,0,0,0
2015-01-01,0.1197,0.010221666709152788,0.3097500499531504,0.04612100611204806,0.05304772026323512,82,1,0.06665227973676488,0,0,0
2015-02-01,0.1175,0.009685455786788637,0.31675537197075215,0.04017150177220063,0.05360806822296915,83,2,0.06389193177703084,0,0,0
2015-03-01,0.1082,0.009499155221750856,0.3179971230148788,0.05237571351050274,0.05758080032986079,84,3,0.05061919967013921,0,0,0
2015-04-01,0.1241,0.009173025159731783,0.32302372432529486,0.01929122577092101,0.05517707492160184,85,4,0.06892292507839816,0,0,0
2015-05-01,0.1223,0.009646738849638068,0.3251145092916405,0.03308891476817077,0.05090992066657041,86,5,0.0713900793334296,0,0,0
2015-06-01,0.1149,0.009579851907420164,0.31186014293483233,0.03490043761681782,0.03749437858670301,87,6,0.07740562141329699,0,0,0
2015-07-01,0.12480000000000001,0.009580980271500474,0.3154163386773764,0.05033618166232667,0.03034494927890918,88,7,0.09445505072109082,0,0,0
2015-08-01,0.134,0.009796477389987221,0.3037516005647017,0.06228118383592118,0.027102795690987936,89,8,0.10689720430901208,0,0,0
2015-09-01,0.1278,0.009548773754441766,0.2891314223280914,0.07217884778090689,0.02728944060391303,90,9,0.10051055939608697,0,0,0
2015-10-01,0.121,0.00986149187315858,0.29175394326566484,0.06375622642728462,0.02986406845254308,91,10,0.09113593154745692,0,0,0
2015-11-01,0.11349999999999999,0.009960640452649772,0.28585119666847,0.04885077206665933,0.01965030961545366,92,11,0.09384969038454632,0,0,0
2015-12-01,0.1157,0.00934071459784857,0.3065129835094008,0.0374903332880363,0.03005024349978935,93,12,0.08564975650021064,0,0,0
2016-01-01,0.1369,0.00944633485396666,0.3188027525036124,0.04037397530710773,0.03141839718705253,94,1,0.10548160281294747,0,0,0
2016-02-01,0.11710000000000001,0.009256407354890117,0.3184136107689405,0.04734055885360888,0.03345455796590269,95,2,0.08364544203409732,0,0,0
2016-03-01,0.1003,0.009402790932005958,0.3302569144745611,0.02736400976441189,0.03587735749421128,96,3,0.06442264250578872,0,0,0
2016-04-01,0.1192,0.009453699162189374,0.3234146227175597,0.06974871983584752,0.03529839111537836,97,4,0.08390160888462164,0,0,0
2016-05-01,0.1211,0.010112950365924543,0.29820814524558986,0.06286802586499451,0.03588082753010635,98,5,0.08521917246989365,0,0,0
2016-06-01,0.1184,0.010311878334952179,0.30079627568413175,0.0684284954787433,0.03502624224240058,99,6,0.08337375775759942,0,0,0
2016-07-01,0.11109999999999999,0.010604913607773356,0.3166575416944747,0.029915228923372606,0.04030707497819019,100,7,0.07079292502180981,0,0,0
2016-08-01,0.11410000000000001,0.00997979340300675,0.308506487871695,0.05529305303908849,0.03677093389498509,101,8,0.07732906610501492,0,0,0
2016-09-01,0.114,0.009906433842122192,0.3052667004443238,0.01819956778163245,0.03462162466017116,102,9,0.07937837533982885,0,0,0
2016-10-01,0.09519999999999999,0.01034986453740411,0.290054042776846,0.01752235069220287,0.03341280164413263,103,10,0.061787198355867365,0,0,0
2016-11-01,0.1137,0.00990609297966869,0.2991164539337201,0.04888635963869969,0.03253905051872063,104,11,0.08116094948127936,0,0,0
2016-12-01,0.1115,0.009017318474645682,0.30610946484377405,0.0509313989100546,0.030828017333321956,105,12,0.08067198266667805,0,0,0
2017-01-01,0.11410000000000001,0.00933225135062387,0.3148333666816077,0.07891819952730206,0.03810806376883136,106,1,0.07599193623116865,0,0,0
2017-02-01,0.12029999999999999,0.009453886744830517,0.32605689097144447,0.05946957542384634,0.03628344767083735,107,2,0.08401655232916264,0,0,0
2017-03-01,0.09880000000000001,0.009392828629635058,0.32672581054526956,0.07922472932587876,0.03118516106879898,108,3,0.06761483893120103,0,0,0
2017-04-01,0.1306,0.009687783532612439,0.3174994324365333,0.0241972741307217,0.03301290090780728,109,4,0.09758709909219271,0,0,0
2017-05-01,0.12140000000000001,0.009966353972351162,0.2986831768410416,0.04445176257083361,0.02866096945513163,110,5,0.09273903054486837,0,0,0
2017-06-01,0.12269999999999999,0.009440242593958087,0.3009508329442697,0.04288309694200798,0.030164063711352707,111,6,0.09253593628864729,0,0,0
2017-07-01,0.102,0.009732282193530397,0.3194042663184858,0.03377526486103388,0.03080223643366153,112,7,0.07119776356633846,0,0,0
2017-08-01,0.10679999999999999,0.01038989860139107,0.30425110385534054,0.03292992488218171,0.03414625986239184,113,8,0.07265374013760816,0,0,0
2017-09-01,0.0794,0.010701094929411173,0.3052912459921783,0.02950268861075145,0.04041356128274298,114,9,0.038986438717257016,0,0,0
2017-10-01,0.08259999999999999,0.010683146275956252,0.3082288735670887,0.03712662296188895,0.0427684533699173,115,10,0.03983154663008269,0,0,0
2017-11-01,0.1051,0.011821822572863143,0.3187215764541687,0.05459360100466259,0.05209588087903594,116,11,0.05300411912096406,0,0,0
2017-12-01,0.11810000000000001,0.010612957264036028,0.30654875874470194,0.02759112831521548,0.05525298278659107,117,12,0.06284701721340893,0,0,0
2018-01-01,0.129,0.011088092226268218,0.3046610549077399,0.0315025435054066,0.0521865970413895,118,1,0.0768134029586105,0,0,0
2018-02-01,0.0848,0.010901448856798179,0.3037466469476369,0.02203819086989789,0.04701411120302534,119,2,0.037785888796974663,0,0,0
2018-03-01,0.0805,0.011017267341203365,0.3175951878049615,0.021221633736268498,0.04724225271704885,120,3,0.03325774728295115,0,0,0
2018-04-01,0.1043,0.011369256427029649,0.307324456498388,0.04146761795027043,0.0470923947801456,121,4,0.05720760521985441,0,0,0
2018-05-01,0.09570000000000001,0.01259951365964422,0.33590951291974497,-0.05740096905001035,0.05128838061202678,122,5,0.04441161938797323,0,1,0
2018-06-01,0.1035,0.01480258092851379,0.3477605328301711,-0.14498277358283929,0.05512905990083183,123,6,0.04837094009916817,0,1,0
2018-07-01,0.1117,0.01819132319898021,0.3676677954178279,-0.05643930841986755,0.05041962517849541,124,7,0.061280374821504585,0,1,0
2018-08-01,0.1017,0.021874001481097083,0.36107182692742634,-0.03440110342758729,0.04833565843658327,125,8,0.053364341563416726,0,1,0
2018-09-01,0.1206,0.023445719003317225,0.373973713474334,-0.04211584721002381,0.05008774873220201,126,9,0.07051225126779799,0,1,0
2018-10-01,0.121,0.024325305441537423,0.3653830238287326,-0.0750578452852988,0.04977611047482444,127,10,0.07122388952517555,0,1,0
2018-11-01,0.121,0.02909084487880437,0.3703216952554152,-0.06613876455395751,0.04301688051469199,128,11,0.077983119485308,0,1,0
2018-12-01,0.1336,0.02643166040922772,0.3513428229842694,-0.05824623007292651,0.0380878848197872,129,12,0.0955121151802128,0,1,0
2019-02-01,0.1183,0.03200965359613085,0.4265484070157441,-0.09715976482635648,0.03302099309309092,130,2,0.08527900690690908,0,1,0
2019-03-01,0.1288,0.03445004785751565,0.4425164717081042,-0.11502768011863472,0.0496463036603938,131,3,0.0791536963396062,0,1,0
2019-04-01,0.12960000000000002,0.03599154782770428,0.44979833535188113,-0.07608388307183311,0.05613043123034256,132,4,0.07346956876965746,0,1,0
2019-05-01,0.13269999999999998,0.037715911265020476,0.46996170139053034,-0.03158864795172533,0.05821077539990327,133,5,0.07448922460009672,0,1,0
2019-06-01,0.1371,0.03808698186662659,0.4632165508041195,0.04555280132852069,0.05475927720525409,134,6,0.08234072279474591,0,1,0
2019-07-01,0.11259999999999999,0.03810844224782544,0.47431601089868963,-0.006722049827357241,0.05906641964966486,135,7,0.05353358035033513,0,1,0
2019-08-01,0.1297,0.036331998255229,0.46279960251292224,-0.02795866442069794,0.06108803736176238,136,8,0.06861196263823763,0,1,0
2019-09-01,0.1188,0.038357814451856764,0.46367695774332923,-0.01248863176713754,0.05475070491524558,137,9,0.06404929508475443,0,1,0
2019-10-01,0.1202,0.0355159754639091,0.4514634540021792,0.03228186975052782,0.05299044561074417,138,10,0.06720955438925583,0,1,0
2019-11-01,0.1245,0.03407519779356368,0.46843319308552656,0.01231439435645587,0.05559094737654035,139,11,0.06890905262345964,0,1,0
2019-12-01,0.11410000000000001,0.0331623868788805,0.4705311574602134,0.0060513650405855605,0.05952082003415882,140,12,0.05457917996584119,0,1,0
2020-01-01,0.11779999999999999,0.03287025443905298,0.4680503874125147,0.01435788835884999,0.06220563280951374,141,1,0.05559436719048625,0,0,1
2020-02-01,0.12390000000000001,0.032219168265333185,0.4814210422551448,0.05006638400257568,0.06216915618904295,142,2,0.06173084381095706,0,0,1
2020-03-01,0.10460000000000001,0.033603079770674636,0.47483182411395786,0.00502531404028339,0.04322959618265631,143,3,0.061370403817343704,0,0,1
2020-04-01,0.1209,0.0366924280941442,0.4831994895105318,-0.10321074772133354,0.03192480555463817,144,4,0.08897519444536182,0,0,1
2020-05-01,0.124,0.038961984414053956,0.4760523544500493,-0.07882005721343166,0.02890951794984886,145,5,0.09509048205015114,0,0,1
2020-06-01,0.11599999999999999,0.03939098503472995,0.47160400122901985,-0.04286905935043528,0.03557371322002645,146,6,0.08042628677997354,0,0,1
2020-07-01,0.1003,0.040999816850553004,0.472375097164968,-0.01707277213738933,0.03388547320103097,147,7,0.06641452679896903,0,0,1
2020-08-01,0.11470000000000001,0.03959177188813352,0.4630880777338459,-0.03658431812458129,0.02832560566485398,148,8,0.08637439433514603,0,0,1
2020-09-01,0.10640000000000001,0.038843748184873815,0.43523701753887173,0.00973468446997749,0.02768028066268879,149,9,0.07871971933731121,0,0,1
2020-10-01,0.1047,0.035877032877384266,0.4149052527594199,-4.047490611105431e-4,0.02652308729669617,150,10,0.07817691270330383,0,0,1
2020-11-01,0.1051,0.04155881786791475,0.40916402933713153,-0.06725055541268432,0.02610689025313739,151,11,0.0789931097468626,0,0,1
2020-12-01,0.1027,0.039529183316073545,0.4074567860238449,-0.0144398153029801,0.02885854622489603,152,12,0.07384145377510397,0,0,1
2021-01-01,0.0983,0.040212074931415556,0.39234842681160503,0.00700629573414346,0.03131470697818983,153,1,0.06698529302181017,0,0,1
2021-02-01,0.115,0.03763288872980351,0.40119150683752736,0.01596786295268959,0.03703191804755423,154,2,0.07796808195244578,0,0,1
2021-03-01,0.09539999999999998,0.034773508486624034,0.4032166429312639,0.0806073604271047,0.04028462639213881,155,3,0.05511537360786117,0,0,1
2021-04-01,0.1025,0.03851074944045776,0.4198667366427514,0.15826668189636184,0.04307348766455998,156,4,0.05942651233544002,0,0,1
2021-05-01,0.0876,0.038375106502974,0.432665894398929,0.1730433310212769,0.03897877707095532,157,5,0.04862122292904468,0,0,1
2021-06-01,0.0928,0.030909272496658667,0.4354690991919065,0.17747279882149591,0.03865054439892912,158,6,0.05414945560107087,0,0,1
2021-07-01,0.0941,0.02907683777810193,0.44920407872154194,0.1107405153522638,0.04033524982349767,159,7,0.053764750176502334,0,0,1
2021-08-01,0.0857,0.030718160985672732,0.44570004212307945,0.1127498081849172,0.0486013188362433,160,8,0.0370986811637567,0,0,1
2021-09-01,0.0959,0.03156368661482057,0.4525427782716538,0.0778537008368474,0.05692340374411486,161,9,0.03897659625588514,0,0,1
2021-10-01,0.096,0.03184029407496466,0.4488891981626411,0.08884268385201999,0.06214308039694938,162,10,0.03385691960305062,0,0,1
2021-11-01,0.0969,0.030322009154036017,0.4444489227583016,0.13104389316461074,0.06855553415888327,163,11,0.02834446584111673,0,0,1
2021-12-01,0.0941,0.027230037006981428,0.44620652396570415,0.07375295229918777,0.06961645869244215,164,12,0.024483541307557852,0,0,1
2022-01-01,0.09720000000000001,0.027297761587173026,0.4481558115478333,0.05659244963008625,0.07401571752492941,165,1,0.023184282475070594,0,0,0
2022-02-01,0.09140000000000001,0.027213874235365046,0.4296636974217735,0.030735045394438377,0.07468322480136536,166,2,0.016716775198634654,0,0,0
2022-03-01,0.08779999999999999,0.02523459476599633,0.42782452867028126,0.0488118752170994,0.08380520960040005,167,3,0.0039947903995999345,0,0,0
2022-04-01,0.09140000000000001,0.02367039922528989,0.40960692822119343,0.05082811729779202,0.09482724083056128,168,4,-0.0034272408305612706,0,0,0
2022-05-01,0.0906,0.02412719005100906,0.39284808128434956,0.03977745215862605,0.1008278108188252,169,5,-0.010227810818825206,0,0,0
2022-06-01,0.0973,0.021908016173376833,0.39556969747619947,0.0401574582792179,0.09865836618125634,170,6,-0.001358366181256343,0,0,0
2022-07-01,0.09300000000000001,0.021422843742417028,0.39488034383774107,0.02761376130561821,0.10846618396164498,171,7,-0.015466183961644966,0,0,0
2022-08-01,0.0876,0.022389088537009286,0.3865854930298025,0.04434362253770452,0.1146507235255454,172,8,-0.027050723525545398,0,0,0
2022-09-01,0.0909,0.020982374622804775,0.3905248613900428,0.02576580077157775,0.10902252732803765,173,9,-0.018122527328037652,0,0,0
2022-10-01,0.0943,0.019622269497573924,0.369216678219574,0.01695630256177249,0.1147784105563714,174,10,-0.02047841055637141,0,0,0
2022-11-01,0.09480000000000001,0.018254478615220008,0.36556502700864,0.02651794120942785,0.10773225636759776,175,11,-0.012932256367597747,0,0,0
2022-12-01,0.0913,0.01677672268197369,0.3705133341847005,0.01469669659004502,0.10970701323424148,176,12,-0.018407013234241473,0,0,0
2023-01-01,0.1017,0.016907714586772808,0.36675669121593585,0.03643249459339781,0.1036567398342525,177,1,-0.0019567398342524994,0,0,0
2023-02-01,0.0817,0.01606650933181576,0.3558651264389207,0.03045009463969794,0.10528766862314852,178,2,-0.023587668623148525,0,0,0
2023-03-01,0.0779,0.014843846866399115,0.3361773850045254,0.02517512675562461,0.09880481071522151,179,3,-0.020904810715221517,0,0,0
2023-04-01,0.08869999999999999,0.014513702617458112,0.33521311866810133,0.01625739851439966,0.09109713361697123,180,4,-0.0023971336169712476,0,0,0
2023-05-01,0.0999,0.014212362687509954,0.3412845461639059,0.05308923223322281,0.09046535527999476,181,5,0.009434644720005242,0,0,0
2023-06-01,0.1101,0.013628467131348665,0.34047094387836113,0.02656287462690976,0.09414853417759785,182,6,0.015951465822402158,0,0,0
2023-07-01,0.0953,0.013360258353513184,0.34401607508955157,0.05070447232222896,0.07854673695402337,183,7,0.01675326304597663,0,0,0
2023-08-01,0.1007,0.013424187174694555,0.34829462989116083,0.06065332981304916,0.07191967697172519,184,8,0.02878032302827481,0,0,0
2023-09-01,0.08349999999999999,0.013489587460164416,0.3371027335044739,0.06371738848648967,0.06927512327913377,185,9,0.014224876720866225,0,0,0
2023-10-01,0.08109999999999999,0.013464638025545851,0.34509939773340614,0.0588127519683308,0.0583066459565611,186,10,0.022793354043438893,0,0,0
2023-11-01,0.09449999999999999,0.015716169258937186,0.35023822947319233,0.0429156972191258,0.05493877535106417,187,11,0.039561224648935814,0,0,0
2023-12-01,0.12269999999999999,0.019215873089855937,0.3640973209145452,0.05056634247586711,0.05452283394859858,188,12,0.06817716605140141,0,0,0
2024-01-01,0.1247,0.01777141435028797,0.3539610415541338,0.0632646565387951,0.05628604180521179,189,1,0.06841395819478821,0,0,0
2024-02-01,0.1186,0.01751228159473341,0.3424176476524397,0.08528407893836576,0.04813430194602119,190,2,0.07046569805397881,0,0,0
2024-03-01,0.0953,0.01722335225720164,0.32399777237987865,0.023257557437003296,0.0529606304331871,191,3,0.0423393695668129,0,0,0
2024-04-01,0.10800000000000001,0.01697832420513273,0.327175049635823,0.07742651169294223,0.05289702618226233,192,4,0.05510297381773768,0,0,0
2024-05-01,0.1158,0.01738652970274603,0.3272946546134819,0.0376774020529389,0.05304712529280309,193,5,0.06275287470719691,0,0,0
2024-06-01,0.1204,0.01710500152737626,0.31606724819934623,0.012162553792699699,0.04705279537981965,194,6,0.07334720462018035,0,0,0
2024-07-01,0.11460000000000001,0.017848261243110113,0.3331669437976831,0.02376741683733563,0.05098594969130232,195,7,0.06361405030869768,0,0,0
2024-08-01,0.1161,0.018068362317822818,0.33168701878077755,-0.00322042948983636,0.04426857762900305,196,8,0.07183142237099695,0,0,0
2024-09-01,0.11720000000000001,0.0184088739819211,0.32567286323355693,0.00441659924136761,0.03790415651851742,197,9,0.0792958434814826,0,0,0
2024-10-01,0.1072,0.017509450068083295,0.3299722532212766,0.02954824498216446,0.03541774838933165,198,10,0.07178225161066835,0,0,0
2024-11-01,0.10439999999999999,0.01713219882696019,0.322402355435364,0.023556583232550377,0.03646477712978324,199,11,0.06793522287021675,0,0,0
2024-12-01,0.1116,0.015433655694656727,0.3229612579289498,0.04687472925530045,0.027971571961873377,200,12,0.08362842803812663,0,0,0
2025-01-01,0.1112,0.0157744556328625,0.3208862938972759,0.01549322937299368,0.02693371238974684,201,1,0.08426628761025315,0,0,0
2025-02-01,0.0942,0.015613155222211563,0.3263128038564649,0.00318370214792551,0.03394759113150325,202,2,0.060252408868496754,0,0,0
2025-03-01,0.0785,0.014722861116156677,0.3335671592719515,0.05791983353055219,0.02113753140302332,203,3,0.057362468596976676,0,0,0
2025-04-01,0.0894,0.015353902617299874,0.3517211249940138,0.04571043204525882,0.01713455084308179,204,4,0.07226544915691821,0,0,0
2025-05-01,0.0944,0.015221810507808731,0.3401286419072328,0.024192338493603128,0.01284142215880646,205,5,0.08155857784119354,0,0,0
2025-06-01,0.08710000000000001,0.011739985490265361,0.34466706119336926,0.06275916123749337,0.00886391621357329,206,6,0.07823608378642671,0,0,0
2025-07-01,0.08990000000000001,0.012031878580110303,0.34758356420439457,0.0582391588742448,0.00639756516367651,207,7,0.0835024348363235,0,0,0
2025-08-01,0.09210000000000002,0.012194580228640927,0.34452219896235725,0.05790693841786609,0.01392847069658742,208,8,0.07817152930341259,0,0,0
2025-09-01,0.08929999999999999,0.012559762018264546,0.334970459066928,0.07820865243123354,0.0245046543673002,209,9,0.06479534563269979,0,0,0
2025-10-01,0.095,0.011885051753285825,0.3453502285442999,0.0572294108071727,0.0262231185781987,210,10,0.0687768814218013,0,0,0
2025-11-01,0.0898,0.01249437704668223,0.3498755218112792,0.06971205041278683,0.028470310876991246,211,11,0.06132968912300876,0,0,0
2025-12-01,0.09119999999999999,0.012103368449802471,0.34784398328377253,0.04588163668383593,0.02664709608732352,212,12,0.06455290391267647,0,0,0
2026-01-01,0.08960000000000001,0.01240615718897319,0.34376724765888206,0.06646513527235065,0.02978499604573326,213,1,0.059815003954266754,0,0,0
2026-02-01,0.0956,0.012518345000620056,0.35170241402362734,0.05885866351250346,0.02817705802854142,214,2,0.06742294197145858,0,0,0
2026-03-01,0.0909,0.013364491672452006,0.34377010303388217,0.05178675878239947,0.03484061663152538,215,3,0.056059383368474616,0,0,0
2026-04-01,0.0849,0.013981545007394413,0.3411420187168331,0.00565336928725468,0.03909934120880898,216,4,0.045800658791191023,0,0,0
2026-05-01,0.08900000000000001,0.015207141743708928,0.33354195189244457,0.00937829746983531,0.03655172148386576,217,5,0.05244827851613425,0,0,0
2026-06-01,0.0928,0.01495338566898765,0.33350190925924833,0.01754334174614769,0.03905037930465394,218,6,0.053749620695346056,0,0,0
