.smooth,.by,.fs,.derivative,.se,.crit,.lower_ci,.upper_ci,PC1_Ciclo,PC1_Moneda
s(PC1_Ciclo),NA,NA,0.01961307627069648,0.026934150173631426,1.9599639845400536,-0.03317688802381435,0.0724030405652073,-2.6782051233719377,NA
s(PC1_Ciclo),NA,NA,0.01960239413068396,0.02692036686228449,1.9599639845400536,-0.03316055536999917,0.0723653436313671,-2.6078119370823836,NA
s(PC1_Ciclo),NA,NA,0.01957035014603984,0.026879047928822758,1.9599639845400536,-0.03311161573317869,0.07225231602525836,-2.5374187507928294,NA
s(PC1_Ciclo),NA,NA,0.01951680845729392,0.026810095152251443,1.9599639845400536,-0.033030012463210794,0.07206362937779864,-2.4670255645032753,NA
s(PC1_Ciclo),NA,NA,0.01943240462824555,0.026701193224159068,1.9599639845400536,-0.032900972435351145,0.07176578169184224,-2.396632378213721,NA
s(PC1_Ciclo),NA,NA,0.019311450426431422,0.026545124677642976,1.9599639845400536,-0.03271603790687422,0.07133893875973706,-2.326239191924167,NA
s(PC1_Ciclo),NA,NA,0.019153946367897773,0.026342451351883015,1.9599639845400536,-0.03247630954629138,0.07078420228208693,-2.255846005634613,NA
s(PC1_Ciclo),NA,NA,0.01895989300681366,0.02609392925291665,1.9599639845400536,-0.03218326854403913,0.07010305455766644,-2.1854528193450586,NA
s(PC1_Ciclo),NA,NA,0.018729287946974878,0.025800524483144738,1.9599639845400536,-0.03183881082223269,0.06929738671618244,-2.1150596330555045,NA
s(PC1_Ciclo),NA,NA,0.018462088956191603,0.025463375458361272,1.9599639845400536,-0.03144520986701757,0.06836938777940077,-2.0446664467659503,NA
s(PC1_Ciclo),NA,NA,0.018150362571884453,0.02507128259084591,1.9599639845400536,-0.030988448352399577,0.06728917349616848,-1.9742732604763962,NA
s(PC1_Ciclo),NA,NA,0.017786955835908433,0.024614950257171527,1.9599639845400536,-0.03045746014939269,0.06603137182120955,-1.903880074186842,NA
s(PC1_Ciclo),NA,NA,0.017368612340194704,0.02409076501973048,1.9599639845400536,-0.029848419458494396,0.0645856441388838,-1.833486887897288,NA
s(PC1_Ciclo),NA,NA,0.01689087443023722,0.023492680341673625,1.9599639845400536,-0.029153932939755205,0.06293568180022965,-1.763093701607734,NA
s(PC1_Ciclo),NA,NA,0.016352217887115925,0.02282089949164705,1.9599639845400536,-0.028375923211320715,0.061080358985552564,-1.6927005153181798,NA
s(PC1_Ciclo),NA,NA,0.01575268921364964,0.02208047830753722,1.9599639845400536,-0.027524253030541228,0.05902963145784051,-1.6223073290286256,NA
s(PC1_Ciclo),NA,NA,0.015093221841861043,0.02127777955599095,1.9599639845400536,-0.026610459758863877,0.056796903442585964,-1.5519141427390715,NA
s(PC1_Ciclo),NA,NA,0.014375716042434955,0.0204222913896969,1.9599639845400536,-0.025651239563153405,0.054402671648023315,-1.4815209564495173,NA
s(PC1_Ciclo),NA,NA,0.01360771182489872,0.019526175796873144,1.9599639845400536,-0.024662889492770325,0.051878313142567765,-1.4111277701599632,NA
s(PC1_Ciclo),NA,NA,0.012798760534630083,0.01860420024301577,1.9599639845400536,-0.02366480190285214,0.049262322972112305,-1.340734583870409,NA
s(PC1_Ciclo),NA,NA,0.01195793457683942,0.01767442939903866,1.9599639845400536,-0.02268331049257226,0.0465991796462511,-1.2703413975808548,NA
s(PC1_Ciclo),NA,NA,0.011099360386432854,0.016758182203395245,1.9599639845400536,-0.021746073178581904,0.04394479395144761,-1.1999482112913007,NA
s(PC1_Ciclo),NA,NA,0.010244935934659888,0.015878399591183315,1.9599639845400536,-0.02087615539619492,0.04136602726551469,-1.1295550250017465,NA
s(PC1_Ciclo),NA,NA,0.00941303235519246,0.015055487488820424,1.9599639845400536,-0.020095180892588944,0.038921245602973865,-1.0591618387121924,NA
s(PC1_Ciclo),NA,NA,0.008616805883764837,0.014307760749899286,1.9599639845400536,-0.019425889885453552,0.03665950165298323,-0.9887686524226384,NA
s(PC1_Ciclo),NA,NA,0.007869553691840996,0.013652234733668304,1.9599639845400536,-0.01888833469463565,0.03462744207831764,-0.9183754661330843,NA
s(PC1_Ciclo),NA,NA,0.007192319488687482,0.013101968318283079,1.9599639845400536,-0.018487066541732166,0.03287170551910713,-0.8479822798435301,NA
s(PC1_Ciclo),NA,NA,0.00660845923030931,0.012661854342062859,1.9599639845400536,-0.01820831925762599,0.03142523771824461,-0.777589093553976,NA
s(PC1_Ciclo),NA,NA,0.006143679455667357,0.012326605702569137,1.9599639845400536,-0.018016023772994195,0.03030338268432891,-0.7071959072644218,NA
s(PC1_Ciclo),NA,NA,0.00582481611530989,0.012081100811133188,1.9599639845400536,-0.017853706368108787,0.029503338598728567,-0.6368027209748677,NA
s(PC1_Ciclo),NA,NA,0.00567350874731247,0.01190205761665187,1.9599639845400536,-0.017654095523245823,0.029001113017870762,-0.5664095346853135,NA
s(PC1_Ciclo),NA,NA,0.005699040411076328,0.011765777112778706,1.9599639845400536,-0.01736145898009559,0.028759539802248248,-0.49601634839575937,NA
s(PC1_Ciclo),NA,NA,0.005907068955766939,0.01165216687406917,1.9599639845400536,-0.01693075845925929,0.02874489637079317,-0.4256231621062052,NA
s(PC1_Ciclo),NA,NA,0.006300210589438644,0.01154617484643977,1.9599639845400536,-0.016329876268785588,0.028930297447662876,-0.35522997581665106,NA
s(PC1_Ciclo),NA,NA,0.0068783908420426,0.011438096504553998,1.9599639845400536,-0.015539866358576713,0.029296648042661914,-0.2848367895270969,NA
s(PC1_Ciclo),NA,NA,0.007639514319834291,0.011323516795132604,1.9599639845400536,-0.014554170776960026,0.029833199416628608,-0.21444360323754275,NA
s(PC1_Ciclo),NA,NA,0.008580082120595842,0.011202792746112383,1.9599639845400536,-0.013376988188050994,0.030537152429242678,-0.1440504169479886,NA
s(PC1_Ciclo),NA,NA,0.009697854607197562,0.011078490644498557,1.9599639845400536,-0.012015588059083537,0.03141129727347866,-0.07365723065843444,NA
s(PC1_Ciclo),NA,NA,0.010991900240478351,0.010957443467054765,1.9599639845400536,-0.010484294317582687,0.03246809479853939,-0.003264044368880281,NA
s(PC1_Ciclo),NA,NA,0.012457247822817832,0.01085454748837627,1.9599639845400536,-0.008817274322879355,0.03373176996851502,0.06712914192067387,NA
s(PC1_Ciclo),NA,NA,0.01408912203840152,0.010787788729654602,1.9599639845400536,-0.007054555344548595,0.035232799421351636,0.13752232821022803,NA
s(PC1_Ciclo),NA,NA,0.01587856140185292,0.010778006240239758,1.9599639845400536,-0.005245942654164962,0.0370030654578708,0.20791551449978218,NA
s(PC1_Ciclo),NA,NA,0.01781661699523549,0.010843855740437804,1.9599639845400536,-0.003436949709570522,0.039070183700041505,0.27830870078933634,NA
s(PC1_Ciclo),NA,NA,0.01989263629983891,0.010999928497009146,1.9599639845400536,-0.0016668273868148224,0.041452099986492644,0.3487018870788905,NA
s(PC1_Ciclo),NA,NA,0.02208232880544151,0.011249684251951624,1.9599639845400536,3.335283416891488e-5,0.044131304776714106,0.41909507336844465,NA
s(PC1_Ciclo),NA,NA,0.024374681775244898,0.011586978098073832,1.9599639845400536,0.0016646220133657783,0.04708474153712402,0.4894882596579988,NA
s(PC1_Ciclo),NA,NA,0.026753327764498788,0.011997730750980101,1.9599639845400536,0.0032382075963691,0.050268447932628475,0.559881445947553,NA
s(PC1_Ciclo),NA,NA,0.02920732123336767,0.012465069516492915,1.9599639845400536,0.004776233916253456,0.05363840855048188,0.6302746322371071,NA
s(PC1_Ciclo),NA,NA,0.03171799031264392,0.012967143818012263,1.9599639845400536,0.006302855446988682,0.05713312517829916,0.7006678185266608,NA
s(PC1_Ciclo),NA,NA,0.034249112223858916,0.013469775227608644,1.9599639845400536,0.007848837897896171,0.06064938654982166,0.771061004816215,NA
s(PC1_Ciclo),NA,NA,0.03678059157224695,0.013944598590280364,1.9599639845400536,0.009449680556429436,0.06411150258806447,0.8414541911057691,NA
s(PC1_Ciclo),NA,NA,0.039286743415691855,0.014365267942752263,1.9599639845400536,0.011131335619629631,0.06744215121175408,0.9118473773953233,NA
s(PC1_Ciclo),NA,NA,0.04174124790131211,0.014709356875960332,1.9599639845400536,0.012911438188683264,0.07057105761394096,0.9822405636848774,NA
s(PC1_Ciclo),NA,NA,0.04412271922095243,0.01496119945519711,1.9599639845400536,0.014799307123245821,0.07344613131865904,1.0526337499744316,NA
s(PC1_Ciclo),NA,NA,0.04642061992544598,0.015112270058226154,1.9599639845400536,0.0168011148866797,0.07604012496421225,1.1230269362639858,NA
s(PC1_Ciclo),NA,NA,0.04862823420021828,0.015159831284840969,1.9599639845400536,0.018915510870226412,0.07834095753021014,1.19342012255354,NA
s(PC1_Ciclo),NA,NA,0.05074024861705497,0.015108232937137771,1.9599639845400536,0.02112865619022315,0.08035184104388679,1.263813308843094,NA
s(PC1_Ciclo),NA,NA,0.05275326479397671,0.014964624238496696,1.9599639845400536,0.02342314024434806,0.08208338934360536,1.3342064951326487,NA
s(PC1_Ciclo),NA,NA,0.05466641111189595,0.014739036354793253,1.9599639845400536,0.02577843068967466,0.08355439153411724,1.4045996814222024,NA
s(PC1_Ciclo),NA,NA,0.05647972140995928,0.014444932220012925,1.9599639845400536,0.028168174499611745,0.08479126832030681,1.474992867711757,NA
s(PC1_Ciclo),NA,NA,0.058194116936850684,0.014095249067220055,1.9599639845400536,0.03056793641197759,0.08582029746172377,1.5453860540013107,NA
s(PC1_Ciclo),NA,NA,0.059812589976989794,0.013712024379755803,1.9599639845400536,0.032937516037533254,0.08668766391644633,1.6157792402908653,NA
s(PC1_Ciclo),NA,NA,0.061338079193025474,0.013316312294388887,1.9599639845400536,0.03523858668913533,0.08743757169691563,1.686172426580419,NA
s(PC1_Ciclo),NA,NA,0.06277103409645855,0.012921604618579982,1.9599639845400536,0.03744515442157537,0.08809691377134174,1.7565656128699736,NA
s(PC1_Ciclo),NA,NA,0.064113260154485,0.012547133593639319,1.9599639845400536,0.03952133020173932,0.08870519010723069,1.8269587991595273,NA
s(PC1_Ciclo),NA,NA,0.06537010134285154,0.012220804569906627,1.9599639845400536,0.041417764523732054,0.08932243816197102,1.897351985449081,NA
s(PC1_Ciclo),NA,NA,0.06654845261662051,0.011970323934196473,1.9599639845400536,0.04308704882231762,0.0900098564109234,1.9677451717386356,NA
s(PC1_Ciclo),NA,NA,0.06765395549534793,0.011815899455408237,1.9599639845400536,0.044495218117801355,0.09081269287289451,2.0381383580281893,NA
s(PC1_Ciclo),NA,NA,0.0686875494896439,0.011766637046943093,1.9599639845400536,0.0456253646584807,0.09174973432080709,2.108531544317744,NA
s(PC1_Ciclo),NA,NA,0.06965447675778674,0.011831018151025295,1.9599639845400536,0.04646610728133751,0.09284284623423597,2.1789247306072976,NA
s(PC1_Ciclo),NA,NA,0.07055647720043898,0.01200811120786311,1.9599639845400536,0.04702101171067552,0.09409194269020243,2.2493179168968522,NA
s(PC1_Ciclo),NA,NA,0.07139354971434059,0.012292263918184262,1.9599639845400536,0.04730115514623823,0.09548594428244295,2.319711103186406,NA
s(PC1_Ciclo),NA,NA,0.0721689955171694,0.012675323720535776,1.9599639845400536,0.04732581753253305,0.09701217350180576,2.3901042894759605,NA
s(PC1_Ciclo),NA,NA,0.07288866092695048,0.013144381947398942,1.9599639845400536,0.047126145711010106,0.09865117614289086,2.4604974757655143,NA
s(PC1_Ciclo),NA,NA,0.07355265442398702,0.01368490615298105,1.9599639845400536,0.04673073123233359,0.10037457761564045,2.530890662055069,NA
s(PC1_Ciclo),NA,NA,0.074160980545681085,0.014283489589473937,1.9599639845400536,0.04616585537675937,0.10215610571460279,2.6012838483446226,NA
s(PC1_Ciclo),NA,NA,0.0747136339099891,0.014928239552405003,1.9599639845400536,0.045454822034688966,0.10397244578528923,2.671677034634177,NA
s(PC1_Ciclo),NA,NA,0.07521062060496436,0.015608892635889186,1.9599639845400536,0.044617753200069096,0.10580348800985963,2.742070220923731,NA
s(PC1_Ciclo),NA,NA,0.07565193706785894,0.016316751233203208,1.9599639845400536,0.04367169230608115,0.10763218182963674,2.8124634072132855,NA
s(PC1_Ciclo),NA,NA,0.07603799234023824,0.01704418676458669,1.9599639845400536,0.042632000135874065,0.10944398454460241,2.882856593502839,NA
s(PC1_Ciclo),NA,NA,0.07637668557734005,0.017777643908899046,1.9599639845400536,0.04153314378592007,0.11122022736876003,2.953249779792394,NA
s(PC1_Ciclo),NA,NA,0.0766710202821142,0.018507456313552776,1.9599639845400536,0.04039707246210233,0.11294496810212606,3.0236429660819475,NA
s(PC1_Ciclo),NA,NA,0.07692101228565769,0.01922769742120976,1.9599639845400536,0.0392354178344529,0.11460660673686249,3.094036152371502,NA
s(PC1_Ciclo),NA,NA,0.07712665116590753,0.01993356982150443,1.9599639845400536,0.038057572232444346,0.1161957300993707,3.164429338661056,NA
s(PC1_Ciclo),NA,NA,0.07728794219007859,0.02062114110355097,1.9599639845400536,0.03687124830700016,0.11770463607315702,3.2348225249506104,NA
s(PC1_Ciclo),NA,NA,0.07740505965745904,0.021287058746200842,1.9599639845400536,0.035683191178117045,0.11912692813680104,3.305215711240164,NA
s(PC1_Ciclo),NA,NA,0.07748483476655649,0.021922594561657578,1.9599639845400536,0.03451733897803399,0.12045233055507898,3.3756088975297187,NA
s(PC1_Ciclo),NA,NA,0.07753706344678202,0.022516563537868444,1.9599639845400536,0.0334054098569521,0.12166871703661195,3.4460020838192724,NA
s(PC1_Ciclo),NA,NA,0.07756511608608017,0.02306327343387907,1.9599639845400536,0.032361930790077785,0.12276830138208256,3.516395270108827,NA
s(PC1_Ciclo),NA,NA,0.07757500225052338,0.023556243552769137,1.9599639845400536,0.031405613276042035,0.12374439122500473,3.5867884563983807,NA
s(PC1_Ciclo),NA,NA,0.07756887480262857,0.023991725343783073,1.9599639845400536,0.030545957201836914,0.12459179240342022,3.6571816426879353,NA
s(PC1_Ciclo),NA,NA,0.07754752462907988,0.0243677095887147,1.9599639845400536,0.029787691449467746,0.125307357808692,3.727574828977489,NA
s(PC1_Ciclo),NA,NA,0.07751894037815443,0.02468229722770635,1.9599639845400536,0.029142526756137176,0.12589535400017168,3.7979680152670436,NA
s(PC1_Ciclo),NA,NA,0.07748913193221525,0.02493558587050058,1.9599639845400536,0.028616281692628275,0.12636198217180222,3.8683612015565974,NA
s(PC1_Ciclo),NA,NA,0.07746058994777891,0.025128479535989526,1.9599639845400536,0.028209675070987678,0.12671150482457014,3.938754387846152,NA
s(PC1_Ciclo),NA,NA,0.07743583049326766,0.025266099708023973,1.9599639845400536,0.02791518503574271,0.12695647595079262,4.009147574135706,NA
s(PC1_Ciclo),NA,NA,0.07741662212656526,0.025358049885210912,1.9599639845400536,0.027715757633381834,0.1271174866197487,4.079540760425259,NA
s(PC1_Ciclo),NA,NA,0.07740340871676932,0.025415696081670314,1.9599639845400536,0.027589559754679742,0.12721725767885889,4.149933946714814,NA
s(PC1_Ciclo),NA,NA,0.07739551238965309,0.025449770281156973,1.9599639845400536,0.02751487922376763,0.12727614555553854,4.220327133004368,NA
s(PC1_Ciclo),NA,NA,0.0773928798436786,0.02546113506907008,1.9599639845400536,0.027489972102791513,0.12729578758456567,4.290720319293922,NA
s(PC1_Moneda),NA,NA,-0.054062932008324766,0.029797672247440482,1.9599639845400536,-0.1124652964364368,0.004339432419787258,NA,-5.525415192886946
s(PC1_Moneda),NA,NA,-0.05405132352374812,0.029784445649071418,1.9599639845400536,-0.1124277642954188,0.004325117247922561,NA,-5.444937457264323
s(PC1_Moneda),NA,NA,-0.05401619328841969,0.0297444508207763,1.9599639845400536,-0.11231424563706408,0.004281859060224699,NA,-5.364459721641699
s(PC1_Moneda),NA,NA,-0.0539435198093545,0.029663802589521324,1.9599639845400536,-0.11208350452932228,0.004196464910613269,NA,-5.283981986019076
s(PC1_Moneda),NA,NA,-0.05380943405787648,0.029520249033786437,1.9599639845400536,-0.1116680589787512,0.004049190862998257,NA,-5.203504250396453
s(PC1_Moneda),NA,NA,-0.05360042761329032,0.02930224905542909,1.9599639845400536,-0.11103178042795414,0.0038309252013735,NA,-5.123026514773829
s(PC1_Moneda),NA,NA,-0.05331572101132656,0.029009755746711902,1.9599639845400536,-0.11017379747518574,0.0035423554525326195,NA,-5.042548779151206
s(PC1_Moneda),NA,NA,-0.052947982398098885,0.028639929670523884,1.9599639845400536,-0.10908121307208579,0.0031852482758880155,NA,-4.962071043528583
s(PC1_Moneda),NA,NA,-0.052494265594813676,0.028192293934631588,1.9599639845400536,-0.10775014634825858,0.002761615158631235,NA,-4.88159330790596
s(PC1_Moneda),NA,NA,-0.05195458714153576,0.027668058024068107,1.9599639845400536,-0.10618298439087369,0.002273810107802171,NA,-4.8011155722833365
s(PC1_Moneda),NA,NA,-0.05132892933341784,0.027068762723883758,1.9599639845400536,-0.10438272937829032,0.0017248707114546485,NA,-4.720637836660713
s(PC1_Moneda),NA,NA,-0.050617105720952196,0.026397205602515968,1.9599639845400536,-0.10235467799438241,0.0011204665524780291,NA,-4.64016010103809
s(PC1_Moneda),NA,NA,-0.04981769020715218,0.025661227787425835,1.9599639845400536,-0.10011277246958526,4.77392055280898e-4,NA,-4.559682365415466
s(PC1_Moneda),NA,NA,-0.048930428862019246,0.02486445845016877,1.9599639845400536,-0.09766387191944263,-1.969858045958589e-4,NA,-4.479204629792843
s(PC1_Moneda),NA,NA,-0.04795531423813449,0.024010123508646408,1.9599639845400536,-0.09501429157943991,-8.963368968290669e-4,NA,-4.39872689417022
s(PC1_Moneda),NA,NA,-0.046892433055295106,0.023102536821153194,1.9599639845400536,-0.09217257317626582,-0.00161229293432439,NA,-4.318249158547596
s(PC1_Moneda),NA,NA,-0.04574477149616973,0.022155714674147852,1.9599639845400536,-0.08916917430924509,-0.002320368683094369,NA,-4.237771422924973
s(PC1_Moneda),NA,NA,-0.04451466425555415,0.021181390768960407,1.9599639845400536,-0.0860294273051857,-0.0029999012059225977,NA,-4.157293687302349
s(PC1_Moneda),NA,NA,-0.04320721306158139,0.020196613287996205,1.9599639845400536,-0.08279184771573703,-0.003622578407425754,NA,-4.076815951679727
s(PC1_Moneda),NA,NA,-0.04182332567444555,0.019209221386832016,1.9599639845400536,-0.07947270776369283,-0.004173943585198257,NA,-3.996338216057103
s(PC1_Moneda),NA,NA,-0.04036645722717726,0.018231717375150277,1.9599639845400536,-0.07609996665878492,-0.004632947795569595,NA,-3.9158604804344797
s(PC1_Moneda),NA,NA,-0.038842838836131224,0.017280729635240955,1.9599639845400536,-0.07271244654777748,-0.0049732311244849725,NA,-3.8353827448118567
s(PC1_Moneda),NA,NA,-0.037252601023077564,0.01636361490830501,1.9599639845400536,-0.06932469690023807,-0.005180505145917051,NA,-3.7549050091892333
s(PC1_Moneda),NA,NA,-0.035595738416376546,0.015489126531138667,1.9599639845400536,-0.06595386856939214,-0.005237608263360945,NA,-3.67442727356661
s(PC1_Moneda),NA,NA,-0.033872257438566464,0.014667894545073982,1.9599639845400536,-0.06262080247594298,-0.005123712401189945,NA,-3.5939495379439865
s(PC1_Moneda),NA,NA,-0.032083775382234704,0.013913629968700046,1.9599639845400536,-0.05935398901510395,-0.0048135617493654595,NA,-3.513471802321363
s(PC1_Moneda),NA,NA,-0.030241084380641277,0.013245175554562361,1.9599639845400536,-0.05620115143649383,-0.004281017324788718,NA,-3.4329940666987397
s(PC1_Moneda),NA,NA,-0.028346185037389685,0.012672643782200864,1.9599639845400536,-0.05318411043940882,-0.003508259635370544,NA,-3.3525163310761164
s(PC1_Moneda),NA,NA,-0.026399076247025886,0.012204354865023742,1.9599639845400536,-0.05031917223701861,-0.0024789802570331643,NA,-3.272038595453493
s(PC1_Moneda),NA,NA,-0.024399753051424417,0.01184761168384179,1.9599639845400536,-0.047620645254570264,-0.0011788608482785692,NA,-3.19156085983087
s(PC1_Moneda),NA,NA,-0.022356089224304345,0.0116058768169366,1.9599639845400536,-0.04510318979450843,3.910113458997465e-4,NA,-3.1110831242082466
s(PC1_Moneda),NA,NA,-0.02027692695378366,0.011473945074014391,1.9599639845400536,-0.04276544605944263,0.002211592151875306,NA,-3.0306053885856232
s(PC1_Moneda),NA,NA,-0.018162272284523353,0.011442943823632956,1.9599639845400536,-0.040590030055959,0.004265485486912291,NA,-2.950127652963
s(PC1_Moneda),NA,NA,-0.016012126931566676,0.011501922237104965,1.9599639845400536,-0.038555480269272774,0.006531226406139418,NA,-2.8696499173403764
s(PC1_Moneda),NA,NA,-0.01382648801240845,0.011638705000578675,1.9599639845400536,-0.03663793064022888,0.008984954615411978,NA,-2.789172181717753
s(PC1_Moneda),NA,NA,-0.011605360618629323,0.011840786646829634,1.9599639845400536,-0.0348128759950382,0.011602154757779547,NA,-2.7086944460951297
s(PC1_Moneda),NA,NA,-0.00934980969014683,0.012095258419061745,1.9599639845400536,-0.03305608057521271,0.014356461194919058,NA,-2.6282167104725067
s(PC1_Moneda),NA,NA,-0.00707269805956421,0.012379982196155343,1.9599639845400536,-0.03133701729327576,0.01719162117414734,NA,-2.5477389748498833
s(PC1_Moneda),NA,NA,-0.004777788307999943,0.012679208755800872,1.9599639845400536,-0.029628580821834557,0.02007300420583467,NA,-2.46726123922726
s(PC1_Moneda),NA,NA,-0.0024650818972254927,0.012982228859209882,1.9599639845400536,-0.027909782900333368,0.022979619105882382,NA,-2.3867835036046365
s(PC1_Moneda),NA,NA,-1.3457981944157288e-4,0.013280606737906476,1.9599639845400536,-0.026164090718578233,0.025894931079695087,NA,-2.306305767982013
s(PC1_Moneda),NA,NA,0.0022137191704112505,0.013567927952908272,1.9599639845400536,-0.024378930962123218,0.02880636930294572,NA,-2.2258280323593898
s(PC1_Moneda),NA,NA,0.004579813695611477,0.013839559332221611,1.9599639845400536,-0.022545224157448075,0.03170485154867103,NA,-2.145350296736767
s(PC1_Moneda),NA,NA,0.00696370496674549,0.014092412674316901,1.9599639845400536,-0.020656916330191417,0.034584326263682394,NA,-2.0648725611141434
s(PC1_Moneda),NA,NA,0.009362907581104599,0.014323145840185167,1.9599639845400536,-0.018709942410973016,0.03743575757318221,NA,-1.98439482549152
s(PC1_Moneda),NA,NA,0.011765823747908487,0.014523351190584321,1.9599639845400536,-0.016699421520463692,0.040231069016280666,NA,-1.9039170898688966
s(PC1_Moneda),NA,NA,0.01417070994070161,0.014691909357790078,1.9599639845400536,-0.014624903264693932,0.04296632314609715,NA,-1.8234393542462732
s(PC1_Moneda),NA,NA,0.01656818238254394,0.014824835471882354,1.9599639845400536,-0.012487961219077325,0.04562432598416521,NA,-1.7429616186236498
s(PC1_Moneda),NA,NA,0.01895360899875906,0.014921615403818261,1.9599639845400536,-0.010292219783882822,0.04819943778140094,NA,-1.662483883001027
s(PC1_Moneda),NA,NA,0.021322004104785304,0.014983392171221634,1.9599639845400536,-0.008044904917048495,0.050688913126619106,NA,-1.5820061473784035
s(PC1_Moneda),NA,NA,0.023647515327986063,0.015003749420164757,1.9599639845400536,-0.005759293168600573,0.0530543238245727,NA,-1.5015284117557801
s(PC1_Moneda),NA,NA,0.02591219576934408,0.01498021225761264,1.9599639845400536,-0.0034484807363421403,0.055272872275030305,NA,-1.4210506761331567
s(PC1_Moneda),NA,NA,0.028089479730777384,0.01491002421774597,1.9599639845400536,-0.0011336307446247022,0.05731259020617947,NA,-1.3405729405105333
s(PC1_Moneda),NA,NA,0.030161592103255357,0.014793412174444954,1.9599639845400536,0.001167037032886887,0.05915614717362383,NA,-1.26009520488791
s(PC1_Moneda),NA,NA,0.032116423190628456,0.014634871892362282,1.9599639845400536,0.003432601363240844,0.060800245018016064,NA,-1.1796174692652865
s(PC1_Moneda),NA,NA,0.03393105256599575,0.01443791700251413,1.9599639845400536,0.005633255229289567,0.06222884990270193,NA,-1.0991397336426632
s(PC1_Moneda),NA,NA,0.035588978696903965,0.014208356244494921,1.9599639845400536,0.007741112178179146,0.06343684521562878,NA,-1.0186619980200398
s(PC1_Moneda),NA,NA,0.037083734427955074,0.013955191758649042,1.9599639845400536,0.00973206118365278,0.06443540767225736,NA,-0.9381842623974164
s(PC1_Moneda),NA,NA,0.03841269954729888,0.013691180821330704,1.9599639845400536,0.01157847823166519,0.06524692086293257,NA,-0.8577065267747939
s(PC1_Moneda),NA,NA,0.03957111887256136,0.013431836473674973,1.9599639845400536,0.013245203137926934,0.06589703460719579,NA,-0.7772287911521705
s(PC1_Moneda),NA,NA,0.04054666299766669,0.013193036166373183,1.9599639845400536,0.014688787264840873,0.06640453873049251,NA,-0.6967510555295471
s(PC1_Moneda),NA,NA,0.04132454524212325,0.012987388525189615,1.9599639845400536,0.015869731479522843,0.06677935900472365,NA,-0.6162733199069237
s(PC1_Moneda),NA,NA,0.04189131917877634,0.012821712691957825,1.9599639845400536,0.0167612240824189,0.06702141427513378,NA,-0.5357955842843003
s(PC1_Moneda),NA,NA,0.04224093629542225,0.012699885461101007,1.9599639845400536,0.017349618183880422,0.06713225440696408,NA,-0.4553178486616769
s(PC1_Moneda),NA,NA,0.0423690047471535,0.012620852748363338,1.9599639845400536,0.017632587906178006,0.06710542158812899,NA,-0.3748401130390535
s(PC1_Moneda),NA,NA,0.042274289202200846,0.012579674926631208,1.9599639845400536,0.017618579408782135,0.06692999899561955,NA,-0.2943623774164301
s(PC1_Moneda),NA,NA,0.041959813274848934,0.012565670658190255,1.9599639845400536,0.017331551343204323,0.06658807520649354,NA,-0.21388464179380673
s(PC1_Moneda),NA,NA,0.04143375433786251,0.012561807983433669,1.9599639845400536,0.016813063109624802,0.06605444556610023,NA,-0.13340690617118334
s(PC1_Moneda),NA,NA,0.040711199683205496,0.012549654413478854,1.9599639845400536,0.016114329014362813,0.06530807035204818,NA,-0.052929170548559945
s(PC1_Moneda),NA,NA,0.03981496973175502,0.012509925303067115,1.9599639845400536,0.015295966688457164,0.06433397277505289,NA,0.027548565074063447
s(PC1_Moneda),NA,NA,0.03876534343739398,0.01243277845696319,1.9599639845400536,0.014397545433980669,0.0631331414408073,NA,0.10802630069668684
s(PC1_Moneda),NA,NA,0.03757965296582575,0.01231929120785431,1.9599639845400536,0.013434285883370367,0.061725020048281135,NA,0.18850403631930934
s(PC1_Moneda),NA,NA,0.03628066552313508,0.012183268270441213,1.9599639845400536,0.012401898499080712,0.060159432547189445,NA,0.26898177194193273
s(PC1_Moneda),NA,NA,0.03489639621559118,0.012050343418116826,1.9599639845400536,0.011278157114742917,0.05851463531643944,NA,0.3494595075645561
s(PC1_Moneda),NA,NA,0.033453292438864066,0.011955821030428304,1.9599639845400536,0.010020313813618037,0.056886271064110094,NA,0.4299372431871795
s(PC1_Moneda),NA,NA,0.0319660039602285,0.011941292308816846,1.9599639845400536,0.00856150110608234,0.055370506814374665,NA,0.5104149788098029
s(PC1_Moneda),NA,NA,0.030446906844368918,0.012054178069338426,1.9599639845400536,0.006821151965233047,0.05407266172350479,NA,0.5908927144324263
s(PC1_Moneda),NA,NA,0.02892022615796513,0.012341695627514493,1.9599639845400536,0.004730947219881269,0.05310950509604899,NA,0.6713704500550497
s(PC1_Moneda),NA,NA,0.02741095514349441,0.01283420562843296,1.9599639845400536,0.0022563743415845647,0.05256553594540426,NA,0.7518481856776731
s(PC1_Moneda),NA,NA,0.02594808578362874,0.013535648123785216,1.9599639845400536,-5.812970463974325e-4,0.05247746861365492,NA,0.8323259213002965
s(PC1_Moneda),NA,NA,0.024554495852383555,0.014422488591525189,1.9599639845400536,-0.0037130623544456183,0.052822054059212725,NA,0.9128036569229199
s(PC1_Moneda),NA,NA,0.02324188194126834,0.015457936280306825,1.9599639845400536,-0.0070551164434480805,0.053538880325984764,NA,0.9932813925455433
s(PC1_Moneda),NA,NA,0.02202374204636503,0.01659517234205073,1.9599639845400536,-0.01050219806128961,0.05454968215401967,NA,1.0737591281681667
s(PC1_Moneda),NA,NA,0.020908628310097217,0.01778529537007274,1.9599639845400536,-0.013949910069652315,0.05576716668984675,NA,1.15423686379079
s(PC1_Moneda),NA,NA,0.01990128935066949,0.0189802302760488,1.9599639845400536,-0.017299278408662876,0.057101857110001854,NA,1.2347145994134126
s(PC1_Moneda),NA,NA,0.01900071529636812,0.02014235820118876,1.9599639845400536,-0.02047758134166683,0.058479011934403066,NA,1.315192335036036
s(PC1_Moneda),NA,NA,0.018203309389674703,0.021244784216209123,1.9599639845400536,-0.023435702533420172,0.05984232131276958,NA,1.3956700706586593
s(PC1_Moneda),NA,NA,0.01750090903763176,0.02226980532499052,1.9599639845400536,-0.026147107342067967,0.06114892541733149,NA,1.4761478062812827
s(PC1_Moneda),NA,NA,0.01688471011229252,0.02320652682752129,1.9599639845400536,-0.02859924667591176,0.0623686669004968,NA,1.5566255419039061
s(PC1_Moneda),NA,NA,0.01634925243653492,0.024047465342458413,1.9599639845400536,-0.030782913554158714,0.06348141842722856,NA,1.6371032775265295
s(PC1_Moneda),NA,NA,0.015891050255050006,0.02478735398407214,1.9599639845400536,-0.0326912708257768,0.06447337133587681,NA,1.717581013149153
s(PC1_Moneda),NA,NA,0.015506885820838853,0.02542350608592693,1.9599639845400536,-0.03432227046831279,0.0653360421099905,NA,1.7980587487717763
s(PC1_Moneda),NA,NA,0.015193530572927216,0.025954903950730968,1.9599639845400536,-0.03567714639270183,0.06606420753855627,NA,1.8785364843943997
s(PC1_Moneda),NA,NA,0.014950792891845636,0.026378560788316928,1.9599639845400536,-0.036750236217256024,0.0666518220009473,NA,1.959014220017023
s(PC1_Moneda),NA,NA,0.01477022733233136,0.026703630144319368,1.9599639845400536,-0.03756792600701271,0.06710838067167543,NA,2.0394919556396465
s(PC1_Moneda),NA,NA,0.014632108496714424,0.026956509511096488,1.9599639845400536,-0.0382016792939461,0.06746589628737495,NA,2.11996969126227
s(PC1_Moneda),NA,NA,0.014525844835540189,0.027151856942427346,1.9599639845400536,-0.03869081688500123,0.0677425065560816,NA,2.2004474268848924
s(PC1_Moneda),NA,NA,0.014451097660389212,0.02728963701516972,1.9599639845400536,-0.03903560804051457,0.06793780336129299,NA,2.2809251625075158
s(PC1_Moneda),NA,NA,0.014407861620745498,0.02736946903689895,1.9599639845400536,-0.03923531196756059,0.06805103520905159,NA,2.361402898130139
s(PC1_Moneda),NA,NA,0.014395620739815769,0.02739211181733461,1.9599639845400536,-0.03929193188265406,0.0680831733622856,NA,2.4418806337527634
