fecha,ratio_morosidad,ratio_liquidez,tasa_interes_activo,d_ln_imae,d_ln_itcer,d_ln_ipc,d_ln_cafe_millones,d_ln_banano_millones,d_ln_azucar_millones,FEDFUNDS,d_ln_asegurados_inss
2008-01-01,2.764421828273138,28.060781098899863,15,0.07768270120094556,-0.0719819848078389,0.15943301061950166,0.05845979639128984,0.046669895731096034,-0.43286408229627893,3.94,0.08885121745066016
2008-02-01,3.106466767130226,29.0937817031543,13,0.09319510770363681,-0.08205620033549099,0.16847757244801986,0.0628022843543734,0.020764557692820595,0.377294231141468,2.98,0.09409232190552608
2008-03-01,3.0619755581531938,30.713664804566747,12.74,-0.0020992374121311386,-0.08746238221852742,0.17320494613484172,0.04297964718752656,0,-0.1880522315029396,2.61,0.08056976486377287
2008-04-01,3.046422508709062,32.601018941956475,12.72,0.1398623490221622,-0.09037369342878687,0.17690974456759534,0.02151686096802674,0,0.07148320389977281,2.28,0.09243558344704539
2008-05-01,3.1016818637610877,31.67479584991262,12.57,0.028965936618368993,-0.10595818051371353,0.19676183860084162,-0.020587193793406122,0,-0.30328481795709705,1.98,0.07319565561543229
2008-06-01,3.0230005898613537,30.646078068907762,12.52,0.05054609087169659,-0.10579002280498528,0.20774652230586632,-0.012153614055500306,0.007421930492097495,0.36101334553733055,2,0.0767183735528576
2008-07-01,2.957957498832501,29.27366633775923,12.88,0.032025508670185054,-0.10455373868788609,0.21214116956455076,-0.023869928151921904,-0.0047100147317475916,-0.09531017980432499,2.01,0.08484933990106924
2008-08-01,3.1940883633272903,29.06393920807916,13.7,0.022128087705219457,-0.1116505871678628,0.21443632234828058,-0.05820073705012163,-0.007899660797016317,0.024782965707517368,2,0.0750371439906452
2008-09-01,3.2798333575943537,29.549678174884676,12.66,0.06154275865946435,-0.11272631752009854,0.20531883992825062,0.008135213827764609,0.04648815720703681,0.10674368549457447,1.81,0.06787449169626392
2008-10-01,3.151617211722165,29.407185768641007,12.98,-0.0030576813260028146,-0.09904616200772676,0.18470770308581663,-0.08916673359953631,0.021906948136266813,-0.13152665120209184,0.97,0.06490714806262154
2008-11-01,3.0462488796356086,29.355062794290703,13.72,-0.07250092295911426,-0.08367906004771886,0.1434392550938801,0.011095696776949993,0.012563710438327824,0.20972053098206922,0.39,0.03166987664388721
2008-12-01,3.1249360664156645,30.43535817826645,13.58,-0.00842393996762425,-0.07962098382892435,0.12907805583197174,-0.10627812731033615,-0.016533270888042573,0.10265415406008327,0.16,0.04003115477283359
2009-01-01,2.975604210110347,32.455766233285836,13.72,-0.06009201356523608,-0.06597185279160112,0.11739376250039602,0.08180659876965102,0.11943797541378487,-0.3123746850421525,0.15,0.028390929515209606
2009-02-01,2.682944469880088,33.262831146583984,14.85,-0.05146899940438043,-0.051000155464745234,0.10235206207077585,0.0863637784780602,0.008009336041670423,0.03278982282299103,0.22,0.019653705037844915
2009-03-01,2.8772313941863707,32.38282578231787,14.47,-0.04793562443504218,-0.03603611624817571,0.08119506601984039,0.04565589806114101,-0.001737037417366416,0.07251566775656326,0.18,0.02218020556358624
2009-04-01,2.7783739479863017,32.77983750130813,14.36,-0.11324106592553917,-0.026810116409399676,0.0665419961873388,0.034277174514436126,-0.0029935569289980535,0.23116674604165877,0.15,0.002967787736556815
2009-05-01,3.0275603901593566,32.85484237864685,13.99,-0.032468567169570584,-0.0021374380265468673,0.04012310180978318,0.005321681959667757,0.005552349600861817,-0.30368241379822203,0.18,0.019183950431495234
2009-06-01,3.004175357250802,35.00565019252516,14.14,-0.044996200768390615,0.017249149987004664,0.019389809291451954,0.03177141871954969,0.002066618775888429,0.2035989552412395,0.21,0.016978622731775417
2009-07-01,3.036191322722173,35.643844203092186,13.98,-0.02589715495521805,0.029245568096461838,7.640003427615838e-4,-0.050855967411960634,0.039876742518363706,-0.054067221270275856,0.16,0.00897983433675087
2009-08-01,3.251586831008182,37.53686539980332,13.39,-0.024669624348856445,0.037305535828582315,-0.001217470854992797,-0.026203684023388796,-0.02021580558848779,-0.0281708769666964,0.16,0.017189899133716935
2009-09-01,3.597839947203343,37.75097013428819,14.2,-0.03997614716313347,0.04346441464797923,7.588117012424789e-5,0.04098934453319636,0.0013387081979656656,-0.15415067982725827,0.15,0.015920279843268048
2009-10-01,3.882305918549997,37.212416471807295,13.73,-0.044595189202031094,0.043654796624727155,0.004241466632848301,-0.05686208509324775,0.022342699694217316,0.2876820724517811,0.12,0.017026899429380293
2009-11-01,3.844821807651143,38.48710088437872,13.44,0.05687844355804206,0.06376577377723525,0.004615451011016347,0.019820813412898985,-0.007616805388376058,0.09531017980432477,0.12,0.038714920513831075
2009-12-01,3.4134287375330237,41.031945046297764,14.27,0.016860693848729902,0.06668076556347291,0.009306615804711704,0.02395862146699823,-8.792239949766412e-4,-0.14660347419187536,0.12,0.04109629933902603
2010-01-01,3.3992627913610316,41.84283676760333,13.96,0.02251732048204058,0.05656001860925475,0.018367095176153647,0.015489390243915935,-0.008627977962671451,0,0.11,0.049106908729113385
2010-02-01,3.324784701014622,42.17423157804766,13.94,0.02479301923737598,0.04489531990789075,0.027049821797927365,0.02268650824043661,0.018199104426229518,0.31365755885504165,0.13,0.05824941572796227
2010-03-01,3.244561665308121,41.345869446821595,13.73,0.06225613091161719,0.032176919802669346,0.043318685352465636,0.012103343418660373,-0.008340429206220357,-0.0800427076735365,0.16,0.05871932563904991
2010-04-01,3.503146115733343,41.780004296268544,13.91,0.024635269066496157,0.031313920827856556,0.047352271285547864,0.02033496253651723,0.0054320977006767635,-0.20763936477824452,0.2,0.07031453939397991
2010-05-01,3.735414127455901,42.49717828397515,12.98,0.029434500575050926,0.027332467042185726,0.04570867617258223,0.010901345488194103,-0.03063878172607648,0.09763846956391597,0.2,0.0594442219327771
2010-06-01,3.709741710996838,41.63451400099345,16.99,0.04786963278670431,0.017371721908434168,0.04525995004833394,0.00476191376024282,-0.1637669122940526,0.08894748601649616,0.18,0.06487423555965854
2010-07-01,3.6331420463767525,41.70136952002264,12.74,0.04488918397865049,0.0034401910394583624,0.06016629165792686,0.0505498895252563,0.045773631701544915,-0.04348511193973881,0.18,0.06561666809636257
2010-08-01,2.7406324196700207,38.103684220146285,13.05,0.042080391850026544,0.008470250000809365,0.05199732547010871,0.053085351800406855,0.021595357027856643,-0.06899287148695143,0.19,0.05940282426380783
2010-09-01,2.5229049110426844,38.64871328290203,13.43,0.05351866200820332,0.007628902979447183,0.05283243860893716,0.05707683113543727,0.028751287752180943,0.023530497410194084,0.19,0.05865255053706875
2010-10-01,2.389022371191398,37.791201548701544,13.23,0.06535082454723451,-0.008496579972078422,0.07011586450694907,0.00863116009036169,-0.08367504642150614,-0.07232066157962602,0.19,0.06037422724651975
2010-11-01,2.211800045445794,37.84312586395263,11.71,0.06417228784287143,-0.025778373698709167,0.08422069215409955,-0.017978921715775975,-0.001678439445718105,0.07232066157962602,0.19,0.05720065273408892
2010-12-01,3.1261902848049266,36.845665644684765,10.16,0.03498231829374632,-0.026078045246486603,0.08824699428114524,0.1783958383293518,-0.1000705650636835,0.17062551703076334,0.18,0.05887972869647662
2011-01-01,3.409721262737869,38.007428693281284,11.17,0.052447835399580534,-0.011786736952547727,0.07712954034720543,-0.004548908526369466,-0.19625800602146093,-0.19415601444095743,0.17,0.06134886144307217
2011-02-01,3.4148581230846924,40.14192902927376,11.02,0.03247695692139896,-0.0013501585890676182,0.06977676256623777,-0.006936443996656827,0.15685006302598126,0.30538164955118174,0.16,0.05991899918902455
2011-03-01,3.2903258872263823,37.17832256739364,11.15,0.079260132962931,0.0073924018253279655,0.06523363289454753,0.06210739536742871,0.1555177340387912,-0.15123096972392347,0.14,0.07200539430665387
2011-04-01,3.244010268823818,38.08433508755146,9.4,0.05849280676468016,0.00676980141090322,0.06869803522768958,0.05588953523444573,-0.017264866530164902,0.35667494393873234,0.1,0.07565998641549676
2011-05-01,3.250388813602871,37.58186855280453,9.99,0.08918060017786633,-1.0410702211238743e-4,0.07964649236160692,0.08273210438285172,0.005555861033785803,-0.10536051565782623,0.09,0.07465345455423389
2011-06-01,3.106791572515027,39.37331869675473,9.79,0.07530390348727067,-0.0034294655591988743,0.08633408323596292,0.03414384865219233,0.011846756030379879,-0.33647223662121295,0.09,0.08206264752142545
2011-07-01,3.066245238497484,39.1166054689775,10.08,0.08019467883895182,0.003739487062561331,0.08111527170172206,-0.08581983678311911,0.009663897559478052,0.33647223662121295,0.07,0.07592933955854164
2011-08-01,2.9471033914688003,37.09898414491124,9.8,0.06861928523540062,-0.0072262108604777,0.09257951073901882,-0.12327377651923843,0.014356581654332956,-0.19189100781010526,0.1,0.08252358629131962
2011-09-01,2.8463828149552404,35.794645215318646,12.09,0.059965953244044634,-0.005354765137659534,0.09069323321030254,0.12365647026261506,0.025294275131585664,0.15963014559188382,0.08,0.09003890961955108
2011-10-01,2.7482853173077406,34.28287348669431,9.69,0.03281327869370276,0.005913800500267463,0.07373545955194505,-0.08853528994965387,0.05593211849169322,-0.3042113744029915,0.07,0.08311358597062579
2011-11-01,2.6722543890290296,33.087610020631224,9.09,0.0764966985065394,0.0088060114079207,0.07091086072875008,0.014616974942160077,-0.01580788931451682,0.125163142954006,0.08,0.09322881238550806
2011-12-01,2.371332815858147,34.08382805892865,13.19,0.028193188185894336,-2.105484795649204e-4,0.07656257675127254,0.02655982680168023,0.010150781103131834,0.2425616371713114,0.07,0.08507594026810672
2012-01-01,2.3129573019919136,34.64066856300325,10.19,0.12747970218701177,-0.0029163649458832097,0.0792881711197646,0.008433624491130942,0.03142037379450979,-0.16705408466316618,0.08,0.08507016269083856
2012-02-01,2.258711569859396,33.38817468491825,10.31,0.10255932688254354,-0.008453841507552795,0.08437391726102028,-5.747761847203492e-4,-0.07285168912282369,-0.11551288712184438,0.1,0.09021948179235117
2012-03-01,2.1143681736645186,35.14398574675557,10.56,0.03134086463981145,-0.010951869570071437,0.08197452913327563,-0.033961030141062665,0.03332523523167907,0.04000533461369915,0.13,0.07857356645967961
2012-04-01,2.1239032803684728,32.36346198403858,12.37,0.05606039173781685,-0.016747303706469374,0.08600134713892071,-0.027930370437876384,-0.09051996173127552,-0.019802627296179653,0.14,0.07337127366536045
2012-05-01,2.0620625733656506,31.72972170527005,14.01,0.064891149936261,-0.009729636832039645,0.07252313644617825,-0.03495017987078519,-0.08104947547488894,0.05826890812397578,0.16,0.08484952104591059
2012-06-01,2.094295383992176,31.642893751072904,12.59,0.01550286585388605,-0.001771295071088197,0.0626735945280581,-0.030925453868189123,-0.04462983204383697,0.2923879634891935,0.16,0.0672883431059148
2012-07-01,2.0701522751603845,30.790162833531827,12.64,0.03229609861037108,-4.148086754485192e-4,0.06177460956618486,-0.04417997223598924,0.10713775345695886,-0.1355454919962238,0.16,0.07474035565480719
2012-08-01,2.0439910520809352,29.97843779301048,14,0.043747175385721704,0.007637564218808457,0.05791951014804919,-0.03332395707851088,-0.0898509374579124,-0.17589066646366414,0.13,0.06857454924113782
2012-09-01,1.9621168382153573,28.974158251211847,12.79,0.035164632698486464,0.005765484929859177,0.06211990153262725,-0.06895408398427971,-0.04341013754175638,0.019048194970694432,0.14,0.06658612485346183
2012-10-01,2.102526561134217,31.00140114921696,11.1,0.10328253794394904,0.007523094171975053,0.06272463066514788,0.03301876356024103,0.055718102465943,0.12405264866997878,0.16,0.06907962672826962
2012-11-01,1.9539934691519627,30.98496202385503,11.3,0.03815261654355684,0.009866622079044873,0.05978012677044919,0.04512457427622518,-0.0878207798839501,-0.05129329438755059,0.16,0.06802054985238826
2012-12-01,1.8239937782647448,27.936056414132803,12.07,0.10297597882832399,0.006297250029036583,0.06407136854386586,-0.08345179422824334,-0.06279515848566763,0.10008345855698264,0.16,0.07619022609499204
2013-01-01,1.771876478773907,30.79043591912906,15.25,0.0266457196934633,-0.00627814137021776,0.07458626561181436,-0.10440563840391359,0.0395796434095379,-0.21130909366720696,0.14,0.07652681355536295
2013-02-01,1.7142516339967533,30.90432401567684,15,0.04632160640938032,0.0033483341945075296,0.06843397397126338,0.05224077422714224,-0.08010266150910184,-0.04000533461369915,0.15,0.07662700636293884
2013-03-01,1.7496584126581318,28.640577724232884,16.73,0.030960683478100215,0.0017813175978638185,0.06576164778956439,0.036068293056198186,-0.016783028756057305,0.020202707317519497,0.14,0.07418060591354347
2013-04-01,1.4762469589931781,29.580770419852502,14.24,0.11971799785704018,-1.0555760816277626e-4,0.06147539824684056,0.01046572745519292,-0.14553904158841213,-0.1508228897345837,0.15,0.08341245081680349
2013-05-01,1.5043336017739788,30.28915012899307,14.62,0.04634778372420012,-0.00833997972076439,0.07446387254096187,-0.017564090046871428,-0.03988317704679378,0.1508228897345837,0.11,0.07378307549841168
2013-06-01,1.524741366386731,30.400147077486533,13.07,0.0392012074917627,-0.010061923271882378,0.07956182283618585,0.02838702308231067,0.07891097275880732,0,0.09,0.08132167371156207
2013-07-01,1.5012259964559318,31.339794528984914,15.31,0.06140549982474841,-0.004365911300843628,0.07376060921385363,-0.03505391464893748,0.2106494557029892,-0.12783337150988494,0.09,0.08176814974418178
2013-08-01,1.4943383755586015,29.598760907676215,15.1,0.050396429717630475,-0.01179039410737115,0.07641046976045462,-0.05972108894166617,-0.022991472332478224,0.12783337150988494,0.08,0.08323450633651319
2013-09-01,1.5422807958333227,29.21932208547389,15.85,0.06762347722982032,-0.009696795600402375,0.07093481140339541,0.01932335457706902,0.13172416321698144,0,0.08,0.07560866771633812
2013-10-01,0.971956712393114,29.18980993081493,16.7,0.030930300691358603,-0.0039090678314188665,0.06606652263269819,-0.08433964250528714,-0.04955734109976717,-0.040821994520255145,0.09,0.07705897013272534
2013-11-01,0.94706590687108,29.439593986531975,14.5,0.025843965183496742,0.0027865232953816488,0.061057922987219015,-0.21493389673333763,-0.09440772411381104,-0.042559614418795855,0.08,0.07609445832006756
2013-12-01,0.9490198494012293,30.026435449622447,13.47,0.037810772842162166,0.00771238841049815,0.05517958070539386,-0.09912616917101147,0.20623758633179445,0,0.09,0.06652283627360944
2014-01-01,0.9023142939589416,30.478520669741744,15.2,0.027061002445480042,0.01282804262625259,0.05061815089391786,0.15460451541308817,0.13078782155975066,0,0.07,0.05924235787507648
2014-02-01,0.8801661985876662,30.153192727386795,13.8,0.05870509230541998,0.008736405020564497,0.05121678937202123,0.13931971640441265,0.14167689558247254,-0.021978906718775337,0.07,0.053855993927651724
2014-03-01,0.8906131246536867,33.250645486803485,14.9,0.07621911709631135,0.016199731214108226,0.04975238047379804,0.10215113594082492,0.021183728412686342,0.021978906718775337,0.08,0.06081992792483604
2014-04-01,0.9543675651365869,31.23406206948232,15.54,0.016588799815124844,0.022029392182415286,0.04783309850399853,0.0035784952021042926,-0.045668063066520936,-0.04445176257083394,0.09,0.047323806073030994
2014-05-01,1.0143223034057336,29.403961530815238,13.55,0.04717404573331674,0.02419346152474322,0.04731871254036424,0.02365728362039654,0.08744419570520545,-0.0706175672139534,0.09,0.05479409095509524
2014-06-01,1.0489311497998228,31.200673921568256,14.52,0.055640140042166664,0.012873692893189848,0.05878607677330816,0.009684273389853004,-0.03022744785390241,0.13657553500575081,0.1,0.04859054205462954
2014-07-01,1.0678357383941663,31.073574368472904,13.1,0.03692182002891986,0.002808844499517349,0.06706861248615592,-0.05117207491955522,-0.018064055980206994,0.10109611687136888,0.09,0.04769473200170893
2014-08-01,1.0710028908958282,31.313556526190183,13.6,0.02149966961498162,0.001143748500040509,0.06511802368146391,-0.012518218357403299,-0.053541829797277174,-0.10109611687136888,0.09,0.046125225770982325
2014-09-01,1.0715241767328267,30.32655649869602,12.87,0.04760945903712255,6.217616780617163e-4,0.0629440004785966,0.08242507925894316,0.14475156984937065,-0.02150620522096347,0.09,0.053469820392072265
2014-10-01,1.1276738933062393,31.815307845618225,10.98,0.05571742670700619,-0.0024767814518975584,0.06467158283344077,0.045413460196243705,-0.05655649137848329,0.0631789016215315,0.09,0.05507582475910944
2014-11-01,1.0783151977669871,31.11523670206573,12.24,0.05352132149412636,-0.015161245759119701,0.07390336689792676,0.09282130986817627,-0.00881676245045604,-0.22825865198098017,0.09,0.05564446713876414
2014-12-01,1.0542465426085603,32.22643656091714,12.23,0.06334224218558582,-0.008340331916218524,0.06278315485263786,-0.10184375572386628,-0.24025617759921847,0.12062798778861472,0.12,0.05268705138772134
2015-01-01,1.0221666709152788,30.975004995315043,11.97,0.04612100611204806,-0.007280323368125785,0.05304772026323512,-0.0020097046757294734,-0.16773678687283233,-0.25782910930209957,0.11,0.05903712715494791
2015-02-01,0.9685455786788637,31.675537197075215,11.75,0.040171501772200635,-0.010095313921470783,0.05360806822296915,0.015286631237591664,-0.13593181928179732,0.365459773494465,0.11,0.06325892630588648
2015-03-01,0.9499155221750856,31.79971230148788,10.82,0.05237571351050274,-0.013481485943937166,0.05758080032986079,-0.040843221961676335,0.022321173741780775,-0.365459773494465,0.11,0.06571734204791468
2015-04-01,0.9173025159731782,32.30237243252949,12.41,0.019291225770921017,-0.009024489440322192,0.05517707492160184,2.3583515232150631e-4,-0.024107127692403196,0.02898753687325195,0.12,0.07325075825792915
2015-05-01,0.9646738849638067,32.51145092916405,12.23,0.033088914768170774,-0.00393987031154186,0.05090992066657041,0.013467822724124723,-0.2594102371253575,0.0281708769666964,0.12,0.07828315961905119
2015-06-01,0.9579851907420165,31.186014293483233,11.49,0.034900437616817825,0.009109793848897318,0.037494378586703014,0.02003867362393308,-0.07816194729217152,-0.08701137698962969,0.13,0.08291979395850291
2015-07-01,0.9580980271500474,31.54163386773764,12.48,0.05033618166232667,0.019036434300336857,0.030344949278909183,-0.012794574836033412,0.15865012498848863,0.058840500022933284,0.13,0.08842386381729561
2015-08-01,0.9796477389987222,30.37516005647017,13.4,0.06228118383592118,0.02341690649927841,0.027102795690987946,0.06207055732711453,-0.17030490144609978,0.1823215567939548,0.14,0.09485009820559398
2015-09-01,0.9548773754441766,28.913142232809143,12.78,0.07217884778090689,0.021825754945068887,0.02728944060391303,-0.06230155755914257,-0.0720482191314078,-0.12675170563914384,0.14,0.09923578536898603
2015-10-01,0.9861491873158579,29.175394326566483,12.1,0.06375622642728462,0.02166887726349387,0.02986406845254308,-0.1398716861812419,0.1519105573395425,0.10265415406008327,0.12,0.10585603764466
2015-11-01,0.9960640452649772,28.585119666846996,11.35,0.04885077206665933,0.03515987165362766,0.019650309615453665,-0.08205970878956315,0.014346948378265445,0.17824823140631885,0.12,0.09869174112053614
2015-12-01,0.934071459784857,30.65129835094008,11.57,0.037490333288036304,0.027466878985614507,0.030050243499789353,0.03958673521851619,0.06960783038095641,-0.0631789016215315,0.24,0.11165036428281638
2016-01-01,0.944633485396666,31.88027525036124,13.69,0.040373975307107735,0.03194766077493494,0.03141839718705253,0.07405351306857089,-0.20879035587541495,-0.2177234838448706,0.34,0.11823093649817196
2016-02-01,0.9256407354890115,31.84136107689405,11.71,0.04734055885360888,0.028156348734708736,0.03345455796590269,-0.043945767394777846,0.007527769303944609,-0.055569851154810945,0.38,0.11638536918766995
2016-03-01,0.9402790932005958,33.02569144745611,10.03,0.02736400976441189,0.024850482266735696,0.03587735749421128,0.07854648031994138,0.18269426982020498,0,0.36,0.11230676809956464
2016-04-01,0.9453699162189374,32.34146227175597,11.92,0.06974871983584752,0.02632542770484747,0.03529839111537836,-0.02499264516092392,-0.1694931893397662,0.055569851154810945,0.37,0.12440302601301667
2016-05-01,1.0112950365924542,29.820814524558987,12.11,0.06286802586499451,0.025335987748395183,0.03588082753010635,0.005403872141277688,-0.2462448027322388,-0.0845573880280629,0.37,0.10895901070037262
2016-06-01,1.0311878334952178,30.079627568413176,11.84,0.0684284954787433,0.025235364355074452,0.035026242242400585,-0.03648036785705866,0.19646408125277404,0.02898753687325195,0.38,0.1108137581080797
2016-07-01,1.0604913607773356,31.665754169447467,11.11,0.029915228923372617,0.017179080523194834,0.040307074978190194,-0.010311413988096874,-0.12075571992225687,0.0281708769666964,0.39,0.10391796098204154
2016-08-01,0.997979340300675,30.850648787169497,11.41,0.05529305303908849,0.02307949119826258,0.03677093389498509,-0.002594552897450697,0.399183227607832,-0.05715841383994835,0.4,0.09915853770890948
2016-09-01,0.9906433842122191,30.526670044432386,11.4,0.018199567781632453,0.03201789479638251,0.03462162466017116,0.048942411724249624,0.29584853265260147,-0.06062462181643502,0.4,0.09343057008618771
2016-10-01,1.034986453740411,29.005404277684598,9.52,0.01752235069220287,0.03262672527398536,0.03341280164413263,-0.12669513306294267,-0.11771099214206959,0.17185025692665923,0.4,0.08770921503873375
2016-11-01,0.990609297966869,29.911645393372012,11.37,0.048886359638699695,0.03367254609772097,0.032539050518720636,-5.041230166895616e-4,-0.07594837057186954,-0.17185025692665923,0.41,0.08303314205975276
2016-12-01,0.9017318474645682,30.610946484377404,11.15,0.050931398910054604,0.03983556397342536,0.030828017333321966,0.03781502891237398,0.14794228158242984,0.5232481437645479,0.54,0.07982690419621363
2017-01-01,0.933225135062387,31.48333666816077,11.41,0.07891819952730206,0.034676366853657825,0.03810806376883136,0.03529938583830727,0.07763267233906035,-0.09716374845364784,0.65,0.07586351434702898
2017-02-01,0.9453886744830516,32.60568909714445,12.03,0.059469575423846344,0.03918942085978827,0.036283447670837354,0.04510074190630409,-0.06750792850657561,-0.10763066419236544,0.66,0.07742135459609223
2017-03-01,0.9392828629635058,32.67258105452696,9.88,0.07922472932587876,0.04129850791746481,0.031185161068798983,0.05479458219457278,0.017132899738507845,0.022472855852058604,0.79,0.07692379252417147
2017-04-01,0.9687783532612438,31.749943243653327,13.06,0.024197274130721702,0.03686410643453897,0.033012900907807285,-0.007236493618172801,0.009815073925841133,0,0.9,0.06643705069090267
2017-05-01,0.9966353972351162,29.868317684104163,12.14,0.04445176257083361,0.03942326531115459,0.028660969455131635,0.0014636826422353977,-0.07115181663224934,-0.06899287148695143,0.91,0.06892996954058006
2017-06-01,0.9440242593958087,30.09508329442697,12.27,0.04288309694200798,0.03727874713472357,0.030164063711352718,-0.01851392180380529,-0.09314016095243627,0.11247798342669024,1.04,0.06795490276161864
2017-07-01,0.9732282193530397,31.940426631848577,10.2,0.03377526486103388,0.03446579816285933,0.030802236433661534,-0.005041242977768867,0.12270421573302759,-0.18658595558041213,1.15,0.0672605305129359
2017-08-01,1.038989860139107,30.425110385534055,10.68,0.032929924882181716,0.032594610641131005,0.03414625986239184,-0.056670386104417325,0.12012372843983155,0.18658595558041213,1.16,0.06352336955938931
2017-09-01,1.0701094929411172,30.529124599217827,7.94,0.02950268861075145,0.02892863654241129,0.04041356128274298,-0.03781652252278267,-0.05797442284234933,-0.08894748601649616,1.15,0.06487094164821983
2017-10-01,1.0683146275956252,30.822887356708872,8.26,0.037126622961888955,0.023598774039813364,0.0427684533699173,-0.12263810240123973,-0.13491552096691262,0,1.15,0.05579423216621571
2017-11-01,1.1821822572863143,31.87215764541687,10.51,0.054593601004662595,0.014545005765110197,0.05209588087903594,-0.050318581779206895,0.060816310943264895,-0.12361395596717661,1.16,0.04861950118946723
2017-12-01,1.061295726403603,30.654875874470193,11.81,0.027591128315215485,0.011192875624307597,0.055252982786591076,0.052100077932181854,0.04384000688412293,0.05129329438755059,1.3,0.03994021263760139
2018-01-01,1.1088092226268218,30.46610549077399,12.9,0.0315025435054066,0.016273121598842977,0.052186597041389504,0.040196508742049275,-0.07604255261877224,-0.19237189264745613,1.41,0.023573800079434548
2018-02-01,1.090144885679818,30.37466469476369,8.48,0.02203819086989789,0.02099840083960469,0.047014111203025344,0.027856954502966325,-0.0981095845393023,0.4353180712578455,1.42,0.0022789460781318382
2018-03-01,1.1017267341203365,31.759518780496148,8.05,0.021221633736268508,0.02165381851183401,0.04724225271704885,0.06106680621453098,0.010472270303443665,-0.04000533461369915,1.51,-0.015216975322173809
2018-04-01,1.1369256427029648,30.7324456498388,10.43,0.04146761795027043,0.025019416605097433,0.0470923947801456,0.029024457714001528,-0.15392790878503604,-0.33647223662121306,1.69,-0.03991658760885208
2018-05-01,1.2599513659644221,33.5909512919745,9.57,-0.05740096905001035,0.02547602331568477,0.051288380612026785,-0.017259616134415623,-0.01960048632151601,0.22884157242884762,1.7,-0.07489995517877901
2018-06-01,1.4802580928513787,34.77605328301711,10.35,-0.14498277358283929,0.023534999977783855,0.055129059900831834,-0.08915854108154608,-0.06285116386124212,-0.22884157242884762,1.82,-0.12800580830326957
2018-07-01,1.819132319898021,36.76677954178279,11.17,-0.05643930841986755,0.029753315191599405,0.05041962517849541,0.014445425187723515,0.05845506929933375,0,1.91,-0.16796738025906244
2018-08-01,2.1874001481097083,36.10718269274263,10.17,-0.03440110342758729,0.029516852902356838,0.04833565843658327,-0.12383127640701908,0.14030293969054863,-0.1880522315029396,1.91,-0.18744226450972512
2018-09-01,2.3445719003317227,37.3973713474334,12.06,-0.042115847210023816,0.024585611708675792,0.05008774873220201,-0.007818648117797977,0.0034879033902672774,0.15906469462968764,1.95,-0.19662037603654348
2018-10-01,2.4325305441537424,36.53830238287326,12.1,-0.0750578452852988,0.02836468133374126,0.04977611047482444,-0.07308522710603782,-0.054546948815439755,0.05715841383994835,2.19,-0.19755440655870515
2018-11-01,2.909084487880437,37.03216952554152,12.1,-0.06613876455395751,0.03602034254624176,0.04301688051469199,0.02432398096844679,0.18944866987779463,-0.2876820724517808,2.2,-0.19118537775334588
2018-12-01,2.643166040922772,35.13428229842694,13.36,-0.05824623007292651,0.037424825327139644,0.0380878848197872,0.010356526501638541,-0.003465194992271492,0.3677247801253173,2.27,-0.18973375050725672
2019-01-01,2.9638059642889942,36.75374112439877,12.85,-0.07729059270666205,0.03983765164339559,0.03249861789575803,0.07999647482508987,-0.18120971641658823,-0.13720112151348485,2.4,-0.1842269956036766
2019-02-01,3.200965359613085,42.65484070157441,11.83,-0.09715976482635647,0.04007480363570615,0.03302099309309092,0.002295848690817337,-0.006942026973416837,-0.029852963149681333,2.4,-0.1799677531063235
2019-03-01,3.445004785751565,44.25164717081042,12.88,-0.11502768011863473,0.0251193566215564,0.0496463036603938,0.002527248225552725,0.032333774473962684,0,2.41,-0.176104338534806
2019-04-01,3.599154782770428,44.979833535188114,12.96,-0.07608388307183311,0.014678988889554212,0.05613043123034256,0.01743661988102474,-0.12526415321966766,0.029852963149681333,2.42,-0.16868204538432252
2019-05-01,3.7715911265020483,46.996170139053035,13.27,-0.031588647951725335,0.006622540760494289,0.05821077539990327,-0.01436514670438882,0.1755868384065593,0.02898753687325195,2.39,-0.14148625083986133
2019-06-01,3.808698186662659,46.32165508041195,13.71,0.04555280132852069,0.0065969516412343054,0.05475927720525409,5.502928482874481e-4,-0.2676671412796203,-0.15415067982725827,2.38,-0.1022066773141308
2019-07-01,3.810844224782544,47.431601089868956,11.26,-0.006722049827357246,0.0013145541799115534,0.05906641964966486,-0.03291557735031958,0.021273562319012562,0.09531017980432499,2.4,-0.06777492921775874
2019-08-01,3.6331998255229,46.27996025129222,12.97,-0.027958664420697943,-0.002894087815650259,0.06108803736176238,-0.14642394788437763,0.06575299920061894,0,2.13,-0.05376723849627396
2019-09-01,3.8357814451856767,46.36769577433292,11.88,-0.012488631767137548,0.0011159677527556866,0.054750704915245585,-0.05201114285334363,0.057235738888198995,-0.1292117314800063,2.04,-0.051866159382457866
2019-10-01,3.5515975463909095,45.14634540021792,12.02,0.032281869750527825,0.0029687376846094793,0.052990445610744175,-0.008454817361510436,0.05503254840164029,0.1880522315029396,1.83,-0.045597056170088024
2019-11-01,3.407519779356368,46.84331930855266,12.45,0.012314394356455871,9.28160452748017e-4,0.055590947376540356,-0.006715134228936215,-0.1185235436537937,-0.12136085700426724,1.55,-0.04242353236487695
2019-12-01,3.31623868788805,47.05311574602134,11.41,0.006051365040585566,-0.0011194031019652328,0.05952082003415882,0.18635270744935184,0.031163760618283298,-0.06669137449867235,1.55,-0.03891383078470412
2020-01-01,3.287025443905298,46.80503874125147,11.78,0.01435788835884999,-0.006669779241827989,0.062205632809513745,0.0011678346338959145,-0.18323432253733696,0.1880522315029396,1.55,-0.03179433181829694
2020-02-01,3.2219168265333185,48.14210422551448,12.39,0.05006638400257568,-0.008406904333626564,0.06216915618904295,0.0689317330333461,0.05055595393451284,-0.058840500022933284,1.58,-0.01774866780048079
2020-03-01,3.3603079770674635,47.48318241139579,10.46,0.005025314040283391,0.003909163578318164,0.043229596182656316,0.0835621233433459,0.00383735075078917,0,0.65,-0.016717604531672592
2020-04-01,3.66924280941442,48.319948951053185,12.09,-0.10321074772133354,0.007865945604573987,0.03192480555463817,0.03114682443261607,-0.06376458464406287,0.029852963149681333,0.05,-0.03046600037367142
2020-05-01,3.8961984414053963,47.60523544500493,12.4,-0.07882005721343166,0.009665537641460276,0.028909517949848862,-0.032866145724408824,-0.16095544958579033,0,0.05,-0.04438273685044258
2020-06-01,3.9390985034729953,47.16040012290198,11.6,-0.04286905935043528,0.0073932300635153325,0.03557371322002645,-0.027402957529779393,0.0077809413790035364,-0.09237332013101529,0.08,-0.048640317055228977
2020-07-01,4.0999816850553,47.2375097164968,10.03,-0.017072772137389336,0.014994460210416172,0.03388547320103097,-0.04645685308605252,0.08358418223444453,0.14953173397096364,0.09,-0.046337387933800045
2020-08-01,3.9591771888133516,46.30880777338459,11.47,-0.036584318124581294,0.02410868162361446,0.02832560566485398,0.017751039930383072,0.1159696704258888,0.054067221270275856,0.1,-0.03770557190808077
2020-09-01,3.8843748184873816,43.523701753887174,10.64,0.009734684469977495,0.023061337122816106,0.027680280662688794,-0.1373305006055583,0.02893186153588534,-0.14107859825990554,0.09,-0.027903956228708893
2020-10-01,3.5877032877384267,41.49052527594199,10.47,-4.047490611105431e-4,0.019539217224217253,0.02652308729669617,-0.015872653141220106,-0.11843206156766328,-0.09531017980432499,0.09,-0.017618658936703113
2020-11-01,4.1558817867914755,40.91640293371315,10.51,-0.06725055541268432,0.01692616989291107,0.026106890253137394,-0.11639180021385886,-0.004892681089828876,0,0.09,-0.0205682183645024
2020-12-01,3.9529183316073544,40.74567860238449,10.27,-0.014439815302980108,0.01574252346223126,0.02885854622489603,0.22532587536255022,0.00846092751634675,0,0.09,-0.005266759334002558
2021-01-01,4.021207493141556,39.2348426811605,9.83,0.007006295734143464,0.013478786041820179,0.03131470697818983,0.027906606352050112,-0.005150579665753163,0.15415067982725827,0.09,0.003614255343759254
2021-02-01,3.7632888729803513,40.119150683752736,11.5,0.015967862952689593,0.008038851329839503,0.037031918047554235,0.08755727585776274,0.07626463296689501,0.055569851154810945,0.08,0.0037459545001752304
2021-03-01,3.4773508486624034,40.32166429312639,9.54,0.0806073604271047,0.01237091109084787,0.04028462639213881,0.03306545584101528,-0.03261546269233229,-0.027398974188114544,0.07,0.017468600300913906
2021-04-01,3.851074944045776,41.986673664275145,10.25,0.15826668189636184,0.024053133982578245,0.043073487664559984,0.020693191725098536,-0.08749084383169681,0,0.07,0.04733460589580396
2021-05-01,3.8375106502974003,43.2665894398929,8.76,0.1730433310212769,0.03252468591437996,0.03897877707095532,0.06841710841762705,-0.4512043953660436,-0.0281708769666964,0.06,0.07062010085529913
2021-06-01,3.090927249665867,43.546909919190654,9.28,0.17747279882149591,0.033646662939450955,0.03865054439892912,-0.017338012726961338,-0.050265328273384924,0.055569851154810945,0.08,0.08461031974013622
2021-07-01,2.907683777810193,44.92040787215419,9.41,0.11074051535226381,0.027893522922482816,0.040335249823497676,-0.07033839962783883,-0.010267520955457243,0.17327172127403667,0.1,0.08992803279975625
2021-08-01,3.071816098567273,44.57000421230794,8.57,0.1127498081849172,0.017640332594911712,0.0486013188362433,0.08153219239848486,0.1072068839932161,-0.25782910930209957,0.09,0.08662844795396474
2021-09-01,3.156368661482057,45.25427782716538,9.59,0.0778537008368474,0.012814903283580037,0.056923403744114864,-0.1278962626139588,0.22495303868915428,-0.09237332013101529,0.08,0.08170811097561348
2021-10-01,3.1840294074964657,44.888919816264114,9.6,0.08884268385201999,0.01755931838559821,0.06214308039694938,-0.022843265939245683,0.05770349023585819,0.14953173397096364,0.08,0.07622433282280205
2021-11-01,3.032200915403602,44.44489227583016,9.69,0.13104389316461074,0.017541136918640454,0.06855553415888327,0.13278162346342803,-0.20171861056852514,0.15415067982725839,0.08,0.0804547222303249
2021-12-01,2.723003700698143,44.620652396570414,9.41,0.07375295229918777,0.01938098059742721,0.06961645869244215,0.10758623513837051,0.0723807762136266,0.17435338714477777,0.08,0.06263666729974204
2022-01-01,2.7297761587173026,44.815581154783324,9.72,0.05659244963008625,0.01889419454991703,0.07401571752492941,0.12272836679856614,-0.17346420082367864,-0.2744368457017603,0.08,0.057352867390461526
2022-02-01,2.7213874235365045,42.96636974217735,9.14,0.030735045394438387,0.022386957322711787,0.07468322480136536,0.053373720469321206,0.14017793863241046,0.02597548640326064,0.08,0.05242259127814464
2022-03-01,2.523459476599633,42.78245286702813,8.78,0.0488118752170994,0.019174561744364382,0.08380520960040005,-0.01912979068622267,-0.04337888265435019,-0.02597548640326064,0.2,0.05332294393886272
2022-04-01,2.367039922528989,40.96069282211934,9.14,0.05082811729779202,0.0054486150051724636,0.09482724083056127,-0.028210193642869363,0.015358240942687118,0.10008345855698253,0.33,0.04633276268183728
2022-05-01,2.412719005100906,39.28480812843495,9.06,0.03977745215862605,0.0023476308750609576,0.10082781081882519,0.06421620653677351,-0.13282929331884308,-0.12675170563914384,0.77,0.038960273295749914
2022-06-01,2.190801617337683,39.556969747619945,9.73,0.040157458279217906,0.008349467188561555,0.09865836618125634,0.04907456479703054,-0.3923565673149829,0.0779615414697119,1.21,0.0410792624527776
2022-07-01,2.1422843742417026,39.48803438377411,9.3,0.027613761305618212,-0.005589124799231904,0.10846618396164498,-0.051923028553616746,0.028840275110452396,0,1.68,0.03516580640202527
2022-08-01,2.2389088537009285,38.65854930298025,8.76,0.04434362253770452,-0.014815085785141235,0.1146507235255454,0.016643084705764366,0.002903227845661327,-0.0779615414697119,2.33,0.03587056656872889
2022-09-01,2.0982374622804776,39.05248613900428,9.09,0.02576580077157775,-0.010546814309468466,0.10902252732803763,-0.001356884054247054,0.04626375650425896,0.05264373348542195,2.56,0.03420805681997585
2022-10-01,1.9622269497573925,36.9216678219574,9.43,0.016956302561772496,-0.021838081342999693,0.11477841055637139,-0.06679470863939585,0.003530589284113539,0,3.08,0.031225357672632015
2022-11-01,1.825447861522001,36.556502700864,9.48,0.026517941209427853,-0.020189903138235543,0.10773225636759776,-0.12718741485749785,0.09967475312572915,-0.05264373348542195,3.78,0.023935047824165778
2022-12-01,1.677672268197369,37.051333418470044,9.13,0.014696696590045022,-0.02851852167730673,0.10970701323424148,0.05620108140663049,-0.06948833797877985,0.10265415406008327,4.1,0.017292224425972336
2023-01-01,1.6907714586772808,36.675669121593586,10.17,0.03643249459339781,-0.024134863005469853,0.1036567398342525,0.026200056122424265,0.20338374201301246,0.19845093872383834,4.33,0.008203457945498371
2023-02-01,1.6066509331815761,35.58651264389207,8.17,0.030450094639697944,-0.029869325610922814,0.10528766862314853,0.01836151170772382,0.18710205665477808,-0.17435338714477777,4.57,0.007697710954284176
2023-03-01,1.4843846866399117,33.61773850045254,7.79,0.02517512675562461,-0.033032876660612054,0.09880481071522151,0.01408545869804989,-0.24336884564563466,0.023530497410194084,4.65,0.0073835066370673275
2023-04-01,1.4513702617458113,33.52131186681013,8.87,0.016257398514399668,-0.0264284054743662,0.09109713361697125,0.028722535897859558,-0.0737526411986833,0.20909179785855947,4.83,0.004358306316330385
2023-05-01,1.4212362687509954,34.12845461639059,9.99,0.053089232233222816,-0.03477893302880908,0.09046535527999477,0.035980670406384974,0.03155007400317533,-0.23262229526875355,5.06,0.004468239264772578
2023-06-01,1.3628467131348665,34.04709438783611,11.01,0.02656287462690976,-0.04938936019152784,0.09414853417759783,-0.0400761045469773,-0.1343349282242059,0.23262229526875355,5.08,1.2779205087554146e-4
2023-07-01,1.3360258353513184,34.40160750895516,9.53,0.050704472322228966,-0.03336553241601692,0.07854673695402337,-0.04309073840357325,0.04124450515819422,-0.07847161544149528,5.12,2.7353950748931766e-4
2023-08-01,1.3424187174694555,34.82946298911608,10.07,0.06065332981304916,-0.022363238138552788,0.07191967697172519,-0.009752126255824223,0.09696510224053778,0.05942342047080085,5.33,-3.547760974065284e-4
2023-09-01,1.3489587460164416,33.71027335044739,8.35,0.06371738848648967,-0.020322925745300147,0.06927512327913377,-0.06776864201245658,0.005717720516913438,0.03774032798284699,5.33,0.00347143498278335
2023-10-01,1.3464638025545852,34.50993977334061,8.11,0.0588127519683308,-0.01414944591255729,0.0583066459565611,-0.08034490464782262,0.05343896215556043,-0.09716374845364784,5.33,5.263675371800502e-4
2023-11-01,1.5716169258937183,35.02382294731923,9.45,0.042915697219125803,-0.01297942462959778,0.05493877535106417,-0.04899571028805472,-0.007063601518749962,0,5.33,0.003474954836743649
2023-12-01,1.9215873089855937,36.40973209145452,12.27,0.05056634247586711,-0.011939326602300682,0.05452283394859858,0.013055592080225331,0.407572590447729,0,5.33,0.010828540066349035
2024-01-01,1.777141435028797,35.39610415541338,12.47,0.0632646565387951,-0.01570153500863114,0.056286041805211795,0.13518270093738316,-0.29243721991577676,0.3422862064866327,5.33,0.013661737195061363
2024-02-01,1.751228159473341,34.24176476524397,11.86,0.08528407893836576,-0.0084734433145801091,0.048134301946021196,0.03485535432909348,-0.18430909019735164,-0.3220834991691132,5.33,0.016392505404068558
2024-03-01,1.7223352257201638,32.39977723798786,9.53,0.023257557437003307,-0.011791265193050293,0.052960630433187106,0.037558229443537705,0.23189516030197854,-0.020202707317519497,5.33,0.0025351690035755325
2024-04-01,1.6978324205132733,32.7175049635823,10.8,0.07742651169294223,-0.013386579496033946,0.05289702618226233,-0.015236924254627304,-0.020321264346882195,0.07847161544149528,5.33,0.022592746701153743
2024-05-01,1.738652970274603,32.72946546134819,11.58,0.0376774020529389,-0.015053440719066558,0.05304712529280309,0.013708339426266036,0.006128945528995899,-0.05826890812397578,5.33,0.017254041675711207
2024-06-01,1.7105001527376258,31.606724819934623,12.04,0.012162553792699704,-0.012191239212674176,0.047052795379819656,0.011407835328184568,0.11675201394392154,0.03922071315328135,5.33,0.010896931515828712
2024-07-01,1.7848261243110113,33.31669437976831,11.46,0.02376741683733563,-0.01715728361857849,0.050985949691302324,-0.02289573026981717,-0.030659407685577733,0.05608946665104353,5.33,0.019811357375230543
2024-08-01,1.8068362317822821,33.168701878077755,11.61,-0.003220429489836363,-0.014530370481159238,0.04426857762900305,-0.008131178756381807,-0.14670358932436134,0.03571808260207909,5.33,0.019031205170669807
2024-09-01,1.84088739819211,32.567286323355695,11.72,0.004416599241367614,-0.010505372495539511,0.03790415651851742,-0.017203823027823972,0.0740500061797329,0.0678225963387612,5.13,0.011159036378417753
2024-10-01,1.7509450068083294,32.99722532212766,10.72,0.029548244982164462,-0.007150515678421954,0.03541774838933165,-0.1396720088465564,-0.08958860960751203,-0.016529301951210607,4.83,0.019982123285846143
2024-11-01,1.713219882696019,32.2402355435364,10.44,0.023556583232550388,-0.006973204770551078,0.036464777129783243,0.04966464192742581,-0.1598973696563215,-0.08701137698962969,4.64,0.013134475449639638
2024-12-01,1.5433655694656727,32.29612579289498,11.16,0.04687472925530045,0.0036528865608227434,0.027971571961873387,0.2694856797954017,0.07772318756139285,-0.07550755250814523,4.48,0.013120803429021777
2025-01-01,1.57744556328625,32.08862938972759,11.12,0.015493229372993689,0.006161333905065902,0.026933712389746844,0.14226930161315732,-0.39143892061910046,-0.04000533461369915,4.33,0.014508857286198662
2025-02-01,1.5613155222211563,32.63128038564649,9.42,0.0031837021479255156,-0.004592538181096728,0.03394759113150325,0.05153294966854283,0.63355010777537,-0.08515780834030684,4.33,0.011971530728748903
2025-03-01,1.4722861116156676,33.356715927195154,7.85,0.05791983353055219,0.00432087841144746,0.021137531403023324,0.012199908767913215,0.15234290590920363,0,4.33,0.028627723833142937
2025-04-01,1.5353902617299873,35.17211249940138,8.94,0.04571043204525882,0.007323976400355647,0.017134550843081797,0.011163705464777074,0.1720588387073434,0.021978906718775337,4.33,0.013333098691886036
2025-05-01,1.522181050780873,34.01286419072328,9.44,0.024192338493603138,0.012248127489736582,0.01284142215880646,-0.010120783751199625,-0.06782768706180864,0.19671029424605424,4.33,0.020449633492525265
2025-06-01,1.1739985490265359,34.466706119336926,8.71,0.06275916123749337,0.019957360116718448,0.008863916213573297,-0.0015107916542707045,0.11078016348532493,-0.09352605801082359,4.33,0.02263389383466574
2025-07-01,1.2031878580110302,34.758356420439455,8.99,0.0582391588742448,0.02330713527843553,0.006397565163676511,-0.02589117787758255,0.004368484567428332,0.11122563511022432,4.33,0.01591721444042271
2025-08-01,1.2194580228640928,34.452219896235725,9.21,0.057906938417866094,0.017504074001379877,0.013928470696587425,0.02617912374574871,-0.08917117104316397,-0.21440987134545497,4.33,0.014233510813362216
2025-09-01,1.2559762018264546,33.497045906692804,8.93,0.07820865243123354,0.007170492146834739,0.024504654367300205,-0.1038142255462482,0.004001062220524432,0.17869178874337588,4.22,0.020555593038340092
2025-10-01,1.1885051753285825,34.53502285442999,9.5,0.0572294108071727,0.005668896738989737,0.0262231185781987,-0.2649587559296833,0.017698255328042478,-0.11551288712184438,4.09,0.013850614708092124
2025-11-01,1.249437704668223,34.98755218112792,8.98,0.06971205041278683,0.001025784581950795,0.028470310876991256,0.09622278061429235,0.1272291919909616,0.05942342047080085,3.88,0.013706908589460554
2025-12-01,1.2103368449802472,34.78439832837725,9.12,0.045881636683835936,0.001401410982850848,0.02664709608732352,0.31216947146367247,0.16431292643977358,-0.03922071315328135,3.72,0.009705087247487754
2026-01-01,1.240615718897319,34.376724765888206,8.96,0.06646513527235065,-0.0068170409212067185,0.02978499604573326,0.07767180735278956,0.4994690067623049,-0.083381608939051,3.64,0.007508102933842409
2026-02-01,1.2518345000620057,35.170241402362734,9.56,0.05885866351250346,-0.0011279256764940016,0.028177058028541424,-0.013208954937588224,0.26650155825576594,-0.09097177820572677,3.64,-0.0016013128531202625
2026-03-01,1.3364491672452006,34.37701030338822,9.09,0.05178675878239947,4.6853770242893944e-4,0.03484061663152538,-0.035989357803587474,-0.04859351529692635,-0.10008345855698253,3.64,-0.007445516313984157
